expert,family,tier,month,calibration_mean,eval_mean,probability_drift,calibration_utility_mean,eval_utility_mean,utility_drift
趋势回踩重新站稳多头,趋势回踩,CANDIDATE,2025-05,0.1713142371435226,0.17158002836112804,0.0002657912176054489,-0.494420158306898,-0.4938757094315293,0.0005444488753686971
趋势回踩重新站稳多头,趋势回踩,CANDIDATE,2025-06,0.37209476259721985,0.3840484625276982,0.011953699930478345,-0.05488186745676967,-0.030231856657455407,0.024650010799314264
趋势回踩重新站稳多头,趋势回踩,CANDIDATE,2025-07,0.22713178223193906,0.22898410315223533,0.0018523209202962743,-0.47140729173200663,-0.46814303985050537,0.0032642518815012567
趋势回踩重新站稳多头,趋势回踩,CANDIDATE,2025-08,0.19330343585576343,0.20427026652882435,0.010966830673060923,-0.6942257487515828,-0.6704301231820957,0.02379562556948711
趋势回踩重新站稳多头,趋势回踩,CANDIDATE,2025-09,0.1299133533607879,0.12957427411804903,-0.0003390792427388767,-0.7717570195219218,-0.7727791867935974,-0.0010221672716755892
趋势回踩重新站稳多头,趋势回踩,CANDIDATE,2025-10,0.20659531514873383,0.20130988887657691,-0.005285426272156918,-0.4028140817630547,-0.41357882340533275,-0.01076474164227803
趋势回踩重新站稳多头,趋势回踩,CANDIDATE,2025-11,0.34264459770777395,0.33209413665664783,-0.010550461051126114,-0.10892306137729536,-0.13010971325811546,-0.021186651880820098
趋势回踩重新站稳多头,趋势回踩,CANDIDATE,2025-12,0.2962977899076659,0.28939865489890926,-0.006899135008756663,-0.2619323455505278,-0.276512884960823,-0.01458053941029519
趋势回踩重新站稳多头,趋势回踩,CANDIDATE,2026-01,0.2755351397372885,0.25878172137007305,-0.016753418367215445,-0.2699707721484496,-0.3033990561896613,-0.033428284041211676
趋势回踩重新站稳多头,趋势回踩,CANDIDATE,2026-02,0.21811666474896255,0.2025236917107702,-0.015592973038192348,-0.4271135498884876,-0.4625458966959305,-0.035432346807442894
趋势回踩重新站稳多头,趋势回踩,CANDIDATE,2026-03,0.2424235601052774,0.23772987684952943,-0.004693683255747982,-0.40655174081881584,-0.4160686053342637,-0.009516864515447865
趋势回踩重新站稳多头,趋势回踩,CANDIDATE,2026-04,0.198274951577338,0.20096526663197983,0.0026903150546418453,-0.5044321092335036,-0.49888998438365106,0.005542124849852503
趋势回踩重新站稳多头,趋势回踩,CANDIDATE,2026-05,0.1856364878295121,0.16710490697246963,-0.018531580857042457,-0.5640825177636694,-0.6021689272398273,-0.038086409476157934
趋势反抽失败空头,趋势回踩,CANDIDATE,2025-05,0.1794892596835189,0.16737626690078192,-0.012112992782736975,-0.5206721474006233,-0.54493876474087,-0.02426661734024671
趋势反抽失败空头,趋势回踩,CANDIDATE,2025-06,0.3916488956686067,0.3851294053678805,-0.006519490300726238,0.05861090360462586,0.0458969078479645,-0.012713995756661364
趋势反抽失败空头,趋势回踩,CANDIDATE,2025-07,0.26595769391798263,0.2567786111416626,-0.009179082776320013,-0.24172410261977229,-0.2592188587570618,-0.017494756137289513
趋势反抽失败空头,趋势回踩,CANDIDATE,2025-08,0.18398908087808458,0.17424467126370957,-0.009744409614375005,-0.48037676437533344,-0.49730722167559954,-0.0169304573002661
趋势反抽失败空头,趋势回踩,CANDIDATE,2025-09,0.18654849191229653,0.16461737816493455,-0.02193111374736198,-0.47041377124851624,-0.5132575131212497,-0.04284374187273343
趋势反抽失败空头,趋势回踩,CANDIDATE,2025-10,0.1549158542133652,0.15531608567448196,0.0004002314611167568,-0.5712423145240495,-0.5698047258393706,0.0014375886846789143
趋势反抽失败空头,趋势回踩,CANDIDATE,2025-11,0.2789122286425587,0.2796621613064262,0.0007499326638674697,-0.22759213800246347,-0.22613363966963235,0.0014584983328311263
趋势反抽失败空头,趋势回踩,CANDIDATE,2025-12,0.2536030875099096,0.26032574791280183,0.006722660402892211,-0.27249527114368494,-0.25930433749668497,0.01319093364699997
趋势反抽失败空头,趋势回踩,CANDIDATE,2026-01,0.12115524684291376,0.1213286972545663,0.00017345041165253705,-0.5339100069812038,-0.5333465334056174,0.0005634735755863929
趋势反抽失败空头,趋势回踩,CANDIDATE,2026-02,0.28856364594648426,0.29864525524816465,0.010081609301680394,-0.2440036594107589,-0.22498611718878186,0.019017542221977046
趋势反抽失败空头,趋势回踩,CANDIDATE,2026-03,0.29885141832674433,0.3024043885343271,0.003552970207582773,-0.2071805830959273,-0.19974948600969344,0.007431097086233851
趋势反抽失败空头,趋势回踩,CANDIDATE,2026-04,0.3138511666683107,0.27691964088648874,-0.03693152578182196,-0.20598279236956896,-0.28260743958237383,-0.07662464721280488
趋势反抽失败空头,趋势回踩,CANDIDATE,2026-05,0.27807578380925624,0.2824401581889627,0.004364374379706437,-0.21592657153188974,-0.20802260165267727,0.007903969879212464
EMA21回踩收回多头,均线回踩,REJECTED,2025-05,0.0,0.0,0.0,0.0,0.0,0.0
EMA21回踩收回多头,均线回踩,REJECTED,2025-06,0.0,0.0,0.0,0.0,0.0,0.0
EMA21回踩收回多头,均线回踩,REJECTED,2025-07,0.0,0.0,0.0,0.0,0.0,0.0
EMA21回踩收回多头,均线回踩,REJECTED,2025-08,0.0,0.0,0.0,0.0,0.0,0.0
EMA21回踩收回多头,均线回踩,REJECTED,2025-09,0.0,0.0,0.0,0.0,0.0,0.0
EMA21回踩收回多头,均线回踩,REJECTED,2025-10,0.0,0.0,0.0,0.0,0.0,0.0
EMA21回踩收回多头,均线回踩,REJECTED,2025-11,0.0,0.0,0.0,0.0,0.0,0.0
EMA21回踩收回多头,均线回踩,REJECTED,2025-12,0.0,0.0,0.0,0.0,0.0,0.0
EMA21回踩收回多头,均线回踩,REJECTED,2026-01,0.0,0.0,0.0,0.0,0.0,0.0
EMA21回踩收回多头,均线回踩,REJECTED,2026-02,0.0,0.0,0.0,0.0,0.0,0.0
EMA21回踩收回多头,均线回踩,REJECTED,2026-03,0.0,0.0,0.0,0.0,0.0,0.0
EMA21回踩收回多头,均线回踩,REJECTED,2026-04,0.0,0.0,0.0,0.0,0.0,0.0
EMA21回踩收回多头,均线回踩,REJECTED,2026-05,0.0,0.0,0.0,0.0,0.0,0.0
EMA21反抽受阻空头,均线回踩,REJECTED,2025-05,0.0,0.0,0.0,0.0,0.0,0.0
EMA21反抽受阻空头,均线回踩,REJECTED,2025-06,0.0,0.0,0.0,0.0,0.0,0.0
EMA21反抽受阻空头,均线回踩,REJECTED,2025-07,0.0,0.0,0.0,0.0,0.0,0.0
EMA21反抽受阻空头,均线回踩,REJECTED,2025-08,0.0,0.0,0.0,0.0,0.0,0.0
EMA21反抽受阻空头,均线回踩,REJECTED,2025-09,0.0,0.0,0.0,0.0,0.0,0.0
EMA21反抽受阻空头,均线回踩,REJECTED,2025-10,0.0,0.0,0.0,0.0,0.0,0.0
EMA21反抽受阻空头,均线回踩,REJECTED,2025-11,0.0,0.0,0.0,0.0,0.0,0.0
EMA21反抽受阻空头,均线回踩,REJECTED,2025-12,0.0,0.0,0.0,0.0,0.0,0.0
EMA21反抽受阻空头,均线回踩,REJECTED,2026-01,0.0,0.0,0.0,0.0,0.0,0.0
EMA21反抽受阻空头,均线回踩,REJECTED,2026-02,0.0,0.0,0.0,0.0,0.0,0.0
EMA21反抽受阻空头,均线回踩,REJECTED,2026-03,0.0,0.0,0.0,0.0,0.0,0.0
EMA21反抽受阻空头,均线回踩,REJECTED,2026-04,0.0,0.0,0.0,0.0,0.0,0.0
EMA21反抽受阻空头,均线回踩,REJECTED,2026-05,0.0,0.0,0.0,0.0,0.0,0.0
VWAP重新站回多头,VWAP回归,REJECTED,2025-05,0.1752169962427647,0.1752094886229334,-7.507619831315093e-06,-0.47441308639333746,-0.47424773498682227,0.00016535140651519065
VWAP重新站回多头,VWAP回归,REJECTED,2025-06,0.19696892772348604,0.19766990057357914,0.0007009728500931012,-0.5966206840920265,-0.5951181430723896,0.0015025410196368716
VWAP重新站回多头,VWAP回归,REJECTED,2025-07,0.26518971140018116,0.2660879624037707,0.0008982510035895341,-0.4337966106932086,-0.436841833088872,-0.003045222395663405
VWAP重新站回多头,VWAP回归,REJECTED,2025-08,0.3333422360632696,0.3337179654832677,0.0003757294199980832,-0.197765842766428,-0.19526939098195253,0.0024964517844754675
VWAP重新站回多头,VWAP回归,REJECTED,2025-09,0.2096735518763811,0.20944686584370348,-0.00022668603267761434,-0.5497251025953915,-0.5514901354686297,-0.0017650328732381482
VWAP重新站回多头,VWAP回归,REJECTED,2025-10,0.20616842481357212,0.18407463689618384,-0.02209378791738828,-0.4098184565859489,-0.4512117420139187,-0.04139328542796983
VWAP重新站回多头,VWAP回归,REJECTED,2025-11,0.415927459028982,0.4128182769610568,-0.003109182067925209,0.1641701505205252,0.15036787646501476,-0.013802274055510433
VWAP重新站回多头,VWAP回归,REJECTED,2025-12,0.2627194594588498,0.2623173246298725,-0.00040213482897727415,-0.3010149410487337,-0.3031092191032133,-0.0020942780544795925
VWAP重新站回多头,VWAP回归,REJECTED,2026-01,0.2758786907922702,0.29012754837134624,0.014248857579076069,-0.301388271062505,-0.2720069292219863,0.02938134184051866
VWAP重新站回多头,VWAP回归,REJECTED,2026-02,0.17518892039694642,0.1735952924230754,-0.0015936279738710257,-0.5544266744953482,-0.5581330241874165,-0.0037063496920682892
VWAP重新站回多头,VWAP回归,REJECTED,2026-03,0.25004387363164726,0.2542342035012454,0.004190329869598164,-0.33345661050331576,-0.3232557618831938,0.010200848620121938
VWAP重新站回多头,VWAP回归,REJECTED,2026-04,0.23276715338104417,0.23386706737051752,0.0010999139894733445,-0.36082894670972765,-0.35898412468637014,0.0018448220233575063
VWAP重新站回多头,VWAP回归,REJECTED,2026-05,0.3065582390482729,0.3014592845194627,-0.005098954528810207,-0.215917191187958,-0.22616933258687666,-0.010252141398918668
VWAP反抽失败空头,VWAP回归,REJECTED,2025-05,0.12341674305248354,0.12617004463395837,0.0027533015814748263,-0.6745755719794996,-0.6688850018594338,0.0056905701200657965
VWAP反抽失败空头,VWAP回归,REJECTED,2025-06,0.2743412249920158,0.27432992410315615,-1.130088885964442e-05,-0.18280872380680926,-0.18419724852412075,-0.00138852471731149
VWAP反抽失败空头,VWAP回归,REJECTED,2025-07,0.2249205991373324,0.22883928179142607,0.003918682654093675,-0.3810789548069132,-0.38008108239760113,0.0009978724093120395
VWAP反抽失败空头,VWAP回归,REJECTED,2025-08,0.2424312866487566,0.2015291806533241,-0.04090210599543251,-0.3978514797175887,-0.47886781219350916,-0.08101633247592044
VWAP反抽失败空头,VWAP回归,REJECTED,2025-09,0.32143802597596566,0.29032557691838273,-0.031112449057582925,-0.14458159573223608,-0.2073240358102725,-0.06274244007803642
VWAP反抽失败空头,VWAP回归,REJECTED,2025-10,0.26666682699843125,0.26061073504240767,-0.006056091956023579,-0.28966564409259105,-0.30014131027621155,-0.010475666183620502
VWAP反抽失败空头,VWAP回归,REJECTED,2025-11,0.19266079651268564,0.18991924816474923,-0.0027415483479364122,-0.5092929309266385,-0.514376461098143,-0.0050835301715044245
VWAP反抽失败空头,VWAP回归,REJECTED,2025-12,0.2137663910087245,0.21404309456118328,0.0002767035524587902,-0.43220652304927165,-0.43058589197859365,0.0016206310706780025
VWAP反抽失败空头,VWAP回归,REJECTED,2026-01,0.1452903495498495,0.14235950601176928,-0.0029308435380802356,-0.6085950183866602,-0.6138441057553616,-0.005249087368701444
VWAP反抽失败空头,VWAP回归,REJECTED,2026-02,0.26091836149499736,0.2551662104656968,-0.005752151029300545,-0.3251657627377649,-0.33565566614479153,-0.010489903407026657
VWAP反抽失败空头,VWAP回归,REJECTED,2026-03,0.23017335856852378,0.22961164241865115,-0.000561716149872632,-0.32639387135943676,-0.3266213034236413,-0.00022743206420455797
VWAP反抽失败空头,VWAP回归,REJECTED,2026-04,0.2631643578956155,0.26266281069165576,-0.0005015472039597291,-0.30024579071755975,-0.3033544167205525,-0.003108626002992776
VWAP反抽失败空头,VWAP回归,REJECTED,2026-05,0.16247396288916355,0.1661545555428763,0.003680592653712761,-0.6574778502716146,-0.6498324542956155,0.007645395975999114
阻力转支撑确认多头,结构角色转换,REJECTED,2025-05,0.21235661023500502,0.21238250606552067,2.589583051565425e-05,-0.48896218773957933,-0.4866254816221367,0.002336706117442633
阻力转支撑确认多头,结构角色转换,REJECTED,2025-06,0.18437823760996194,0.18372112170673863,-0.0006571159032233154,-0.5541895599849911,-0.554961534280328,-0.0007719742953369302
阻力转支撑确认多头,结构角色转换,REJECTED,2025-07,0.275193895720765,0.2983812980578782,0.023187402337113194,-0.39341145639132175,-0.34938213433705023,0.044029322054271514
阻力转支撑确认多头,结构角色转换,REJECTED,2025-08,0.3619050001566925,0.34641773873567067,-0.015487261421021858,-0.2237733456358763,-0.2534649482583812,-0.029691602622504865
阻力转支撑确认多头,结构角色转换,REJECTED,2025-09,0.16829854067240013,0.16369385138138934,-0.004604689291010794,-0.5544757857160754,-0.5625877220701544,-0.00811193635407903
阻力转支撑确认多头,结构角色转换,REJECTED,2025-10,0.21156387889051198,0.22003279230780207,0.008468913417290086,-0.5105110143575812,-0.4955841354255571,0.014926878932024046
阻力转支撑确认多头,结构角色转换,REJECTED,2025-11,0.2963606409268808,0.29542243755991326,-0.0009382033669675383,-0.29511640914296305,-0.29850167268646144,-0.0033852635434983847
阻力转支撑确认多头,结构角色转换,REJECTED,2025-12,0.13548368419626056,0.1362463376476575,0.0007626534513969496,-0.7001957710638539,-0.6993902692409052,0.0008055018229486954
阻力转支撑确认多头,结构角色转换,REJECTED,2026-01,0.2046652765336334,0.21294114186044805,0.008275865326814652,-0.5047009530737361,-0.4902752904760529,0.014425662597683186
阻力转支撑确认多头,结构角色转换,REJECTED,2026-02,0.2788118590361718,0.27751441474885813,-0.0012974442873136538,-0.34978886132115317,-0.3526937947215903,-0.0029049334004371263
阻力转支撑确认多头,结构角色转换,REJECTED,2026-03,0.19847425509300085,0.19851361915742027,3.936406441942819e-05,-0.4678736440770516,-0.468521645976769,-0.0006480018997173653
阻力转支撑确认多头,结构角色转换,REJECTED,2026-04,0.21546988266103878,0.2182859299512619,0.0028160472902231115,-0.49155559731735227,-0.486698746689362,0.004856850627990239
阻力转支撑确认多头,结构角色转换,REJECTED,2026-05,0.25541420211080806,0.25541183439781956,-2.367712988504689e-06,-0.37763840569583357,-0.37774682587121006,-0.00010842017537648907
支撑转阻力确认空头,结构角色转换,REJECTED,2025-05,0.25406213530344407,0.24252264017609787,-0.0115394951273462,-0.31782943691806137,-0.33891604731151603,-0.021086610393454663
支撑转阻力确认空头,结构角色转换,REJECTED,2025-06,0.2528743736356727,0.2546634964091316,0.0017891227734588844,-0.2774692812619292,-0.27224742684901715,0.005221854412912064
支撑转阻力确认空头,结构角色转换,REJECTED,2025-07,0.20940223015306075,0.21752782352839026,0.008125593375329504,-0.4142433621419237,-0.39806626425370567,0.01617709788821803
支撑转阻力确认空头,结构角色转换,REJECTED,2025-08,0.1126765270580762,0.11204373688751768,-0.0006327901705585198,-0.7558272005923112,-0.7574363726102439,-0.0016091720179326474
支撑转阻力确认空头,结构角色转换,REJECTED,2025-09,0.19428798484000442,0.17490606139259254,-0.01938192344741188,-0.4857633733219003,-0.5237215311742682,-0.037958157852367946
支撑转阻力确认空头,结构角色转换,REJECTED,2025-10,0.206064934080794,0.2365579783468034,0.030493044266009406,-0.3979042736209783,-0.34211348229529653,0.055790791325681766
支撑转阻力确认空头,结构角色转换,REJECTED,2025-11,0.2685853371993136,0.27048284046712706,0.0018975032678134607,-0.29752137447292504,-0.29004955858646086,0.007471815886464173
支撑转阻力确认空头,结构角色转换,REJECTED,2025-12,0.24595820659949574,0.24049380549977567,-0.005464401099720073,-0.2987417465582592,-0.30856667964874024,-0.009824933090481047
支撑转阻力确认空头,结构角色转换,REJECTED,2026-01,0.21781740867597188,0.21773606522029626,-8.134345567561985e-05,-0.45167135428766353,-0.45168944004797473,-1.8085760311203902e-05
支撑转阻力确认空头,结构角色转换,REJECTED,2026-02,0.20519853199371405,0.20499401510876558,-0.00020451688494846354,-0.45651265923505524,-0.4563156006224945,0.00019705861256075208
支撑转阻力确认空头,结构角色转换,REJECTED,2026-03,0.2436011221121499,0.24152554048205535,-0.002075581630094553,-0.3492490974202948,-0.3575955127752694,-0.008346415354974601
支撑转阻力确认空头,结构角色转换,REJECTED,2026-04,0.25510833027101826,0.24871138879158317,-0.006396941479435092,-0.3273690434638188,-0.34108384379904827,-0.013714800335229482
支撑转阻力确认空头,结构角色转换,REJECTED,2026-05,0.18840713167049583,0.17116758751066216,-0.01723954415983367,-0.5823392001495904,-0.6181144282763975,-0.03577522812680711
缩量回踩恢复多头,量价回踩,REJECTED,2025-05,0.0,0.0,0.0,0.0,0.0,0.0
缩量回踩恢复多头,量价回踩,REJECTED,2025-06,0.0,0.0,0.0,0.0,0.0,0.0
缩量回踩恢复多头,量价回踩,REJECTED,2025-07,0.0,0.0,0.0,0.0,0.0,0.0
缩量回踩恢复多头,量价回踩,REJECTED,2025-08,0.0,0.0,0.0,0.0,0.0,0.0
缩量回踩恢复多头,量价回踩,REJECTED,2025-09,0.0,0.0,0.0,0.0,0.0,0.0
缩量回踩恢复多头,量价回踩,REJECTED,2025-10,0.0,0.0,0.0,0.0,0.0,0.0
缩量回踩恢复多头,量价回踩,REJECTED,2025-11,0.0,0.0,0.0,0.0,0.0,0.0
缩量回踩恢复多头,量价回踩,REJECTED,2025-12,0.0,0.0,0.0,0.0,0.0,0.0
缩量回踩恢复多头,量价回踩,REJECTED,2026-01,0.0,0.0,0.0,0.0,0.0,0.0
缩量回踩恢复多头,量价回踩,REJECTED,2026-02,0.0,0.0,0.0,0.0,0.0,0.0
缩量回踩恢复多头,量价回踩,REJECTED,2026-03,0.0,0.0,0.0,0.0,0.0,0.0
缩量回踩恢复多头,量价回踩,REJECTED,2026-04,0.0,0.0,0.0,0.0,0.0,0.0
缩量回踩恢复多头,量价回踩,REJECTED,2026-05,0.0,0.0,0.0,0.0,0.0,0.0
缩量反抽恢复空头,量价回踩,REJECTED,2025-05,0.0,0.0,0.0,0.0,0.0,0.0
缩量反抽恢复空头,量价回踩,REJECTED,2025-06,0.0,0.0,0.0,0.0,0.0,0.0
缩量反抽恢复空头,量价回踩,REJECTED,2025-07,0.0,0.0,0.0,0.0,0.0,0.0
缩量反抽恢复空头,量价回踩,REJECTED,2025-08,0.0,0.0,0.0,0.0,0.0,0.0
缩量反抽恢复空头,量价回踩,REJECTED,2025-09,0.0,0.0,0.0,0.0,0.0,0.0
缩量反抽恢复空头,量价回踩,REJECTED,2025-10,0.0,0.0,0.0,0.0,0.0,0.0
缩量反抽恢复空头,量价回踩,REJECTED,2025-11,0.0,0.0,0.0,0.0,0.0,0.0
缩量反抽恢复空头,量价回踩,REJECTED,2025-12,0.0,0.0,0.0,0.0,0.0,0.0
缩量反抽恢复空头,量价回踩,REJECTED,2026-01,0.0,0.0,0.0,0.0,0.0,0.0
缩量反抽恢复空头,量价回踩,REJECTED,2026-02,0.0,0.0,0.0,0.0,0.0,0.0
缩量反抽恢复空头,量价回踩,REJECTED,2026-03,0.0,0.0,0.0,0.0,0.0,0.0
缩量反抽恢复空头,量价回踩,REJECTED,2026-04,0.0,0.0,0.0,0.0,0.0,0.0
缩量反抽恢复空头,量价回踩,REJECTED,2026-05,0.0,0.0,0.0,0.0,0.0,0.0
欧美时段顺势延续多头,时段延续,REJECTED,2025-05,0.2113584806376385,0.211126035243966,-0.00023244539367250905,-0.4518938652617689,-0.4536568441133617,-0.0017629788515928224
欧美时段顺势延续多头,时段延续,REJECTED,2025-06,0.23807137884115273,0.25039450549455045,0.012323126653397715,-0.3848269298097857,-0.35957319363388407,0.025253736175901653
欧美时段顺势延续多头,时段延续,REJECTED,2025-07,0.26424010422263444,0.269008560646856,0.004768456424221579,-0.3064982336141928,-0.2952740045730065,0.011224229041186307
欧美时段顺势延续多头,时段延续,REJECTED,2025-08,0.32684303939243403,0.3282767364441538,0.0014336970517197511,-0.24328609124605458,-0.23915126039767348,0.004134830848381094
欧美时段顺势延续多头,时段延续,REJECTED,2025-09,0.17532311206611578,0.18025972767678058,0.004936615610664802,-0.5848096697533337,-0.574157814600695,0.010651855152638667
欧美时段顺势延续多头,时段延续,REJECTED,2025-10,0.23169236725647116,0.21014635624885725,-0.021546011007613913,-0.35351131370729866,-0.39470613741355054,-0.04119482370625188
欧美时段顺势延续多头,时段延续,REJECTED,2025-11,0.2660958737968715,0.26586341717229267,-0.0002324566245788251,-0.35059239630757466,-0.35126124723835767,-0.0006688509307830048
欧美时段顺势延续多头,时段延续,REJECTED,2025-12,0.19847531002212856,0.19766630141288602,-0.0008090086092425453,-0.5413900013540144,-0.5423925943756115,-0.001002593021597109
欧美时段顺势延续多头,时段延续,REJECTED,2026-01,0.18570190512580992,0.18711850347323175,0.0014165983474218324,-0.5783349074722907,-0.57543210966256,0.002902797809730684
欧美时段顺势延续多头,时段延续,REJECTED,2026-02,0.33333184480140543,0.3848322226904219,0.05150037788901646,-0.139557428336788,-0.022910535804095834,0.11664689253269217
欧美时段顺势延续多头,时段延续,REJECTED,2026-03,0.2279422157731781,0.23591176646500966,0.007969550691831556,-0.3097651448865918,-0.2947828782974476,0.0149822665891442
欧美时段顺势延续多头,时段延续,REJECTED,2026-04,0.19046172625560626,0.1754014732381697,-0.015060253017436548,-0.4431896312933954,-0.474111105887307,-0.03092147459391159
欧美时段顺势延续多头,时段延续,REJECTED,2026-05,0.24615702770873873,0.2395126072255163,-0.006644420483222446,-0.29212707439519464,-0.30523824016877643,-0.01311116577358179
欧美时段顺势延续空头,时段延续,REJECTED,2025-05,0.27927961725779615,0.3068395003788681,0.027559883121071937,-0.22042368823094702,-0.16625850902164788,0.05416517920929914
欧美时段顺势延续空头,时段延续,REJECTED,2025-06,0.2071930861718811,0.1952107495706905,-0.01198233660119058,-0.39578709234694504,-0.41910573933385803,-0.023318646986912994
欧美时段顺势延续空头,时段延续,REJECTED,2025-07,0.18889136070740042,0.20563507883930218,0.016743718131901758,-0.4937232257100567,-0.45886896657151416,0.034854259138542565
欧美时段顺势延续空头,时段延续,REJECTED,2025-08,0.0,0.0,0.0,0.0,0.0,0.0
欧美时段顺势延续空头,时段延续,REJECTED,2025-09,0.15304447047137626,0.14180522252200214,-0.011239247949374115,-0.5594729664376514,-0.5826530865084562,-0.02318012007080472
欧美时段顺势延续空头,时段延续,REJECTED,2025-10,0.14286097257233898,0.23901621205781037,0.09615523948547139,-0.5682352598663394,-0.376959616447985,0.1912756434183544
欧美时段顺势延续空头,时段延续,REJECTED,2025-11,0.35378601948267185,0.35418147485305523,0.00039545537038337963,0.023923043304429396,0.024845585254071052,0.0009225419496416559
欧美时段顺势延续空头,时段延续,REJECTED,2025-12,0.2369513574520207,0.23883217116083605,0.0018808137088153487,-0.30505461827605823,-0.3016827803375806,0.0033718379384776176
欧美时段顺势延续空头,时段延续,REJECTED,2026-01,0.1491204236477218,0.15047010695728258,0.001349683309560784,-0.49598097758174564,-0.4932907993454656,0.0026901782362800386
欧美时段顺势延续空头,时段延续,REJECTED,2026-02,0.2902087898205643,0.3026750711894524,0.01246628136888811,-0.171873924937967,-0.1445941028955627,0.027279822042404284
欧美时段顺势延续空头,时段延续,REJECTED,2026-03,0.3221112751228872,0.3284556607070258,0.006344385584138634,-0.12882396575938287,-0.11674903449403996,0.012074931265342911
欧美时段顺势延续空头,时段延续,REJECTED,2026-04,0.27756642543845483,0.26764646339047315,-0.009919962047981679,-0.17730665538331433,-0.1956504804735516,-0.01834382509023727
欧美时段顺势延续空头,时段延续,REJECTED,2026-05,0.2698678034869639,0.20632591121958183,-0.06354189226738205,-0.3292596893436594,-0.457239654820856,-0.1279799654771966
区间扫低立即收回多头,流动性反转,REJECTED,2025-05,0.2424157614690207,0.2437461147379571,0.0013303532689364073,-0.4210195793189683,-0.4183890411630944,0.002630538155873885
区间扫低立即收回多头,流动性反转,REJECTED,2025-06,0.10640788278945452,0.10613358654624792,-0.00027429624320660095,-0.7908884344130033,-0.7914143846848957,-0.0005259502718923947
区间扫低立即收回多头,流动性反转,REJECTED,2025-07,0.25454449435371174,0.2723659469053825,0.01782145255167078,-0.3409569316622857,-0.3064018681542935,0.0345550635079922
区间扫低立即收回多头,流动性反转,REJECTED,2025-08,0.11999969233288243,0.11887778888798534,-0.0011219034448970988,-0.869963042351541,-0.8718538690531767,-0.0018908267016357616
区间扫低立即收回多头,流动性反转,REJECTED,2025-09,0.24390899726243923,0.2574077806250816,0.013498783362642347,-0.4318455998927176,-0.40481549971599645,0.02703010017672114
区间扫低立即收回多头,流动性反转,REJECTED,2025-10,0.15519844186486328,0.15588806017384557,0.0006896183089822872,-0.49946370031719334,-0.49823553253215636,0.001228167785036982
区间扫低立即收回多头,流动性反转,REJECTED,2025-11,0.28125182619214184,0.2812263088661051,-2.5517326036728072e-05,-0.18957551382094068,-0.19000447016698296,-0.0004289563460422863
区间扫低立即收回多头,流动性反转,REJECTED,2025-12,0.276603529136439,0.2757282886407714,-0.0008752404956675619,-0.24761067852753874,-0.24922264830465649,-0.00161196977711775
区间扫低立即收回多头,流动性反转,REJECTED,2026-01,0.18610552341511605,0.19762398951348517,0.011518466098369123,-0.4062178877751315,-0.38496843167898775,0.02124945609614376
区间扫低立即收回多头,流动性反转,REJECTED,2026-02,0.12501692167136041,0.12921090739820226,0.004193985726841848,-0.6974882890651904,-0.6892950110849269,0.008193277980263591
区间扫低立即收回多头,流动性反转,REJECTED,2026-03,0.11468444887088806,0.11582340963995735,0.0011389607690692888,-0.7163113729459528,-0.7140825714034846,0.002228801542468184
区间扫低立即收回多头,流动性反转,REJECTED,2026-04,0.20778469291194365,0.199855641383766,-0.00792905152817766,-0.5325203845331637,-0.5487656045039467,-0.016245219970782987
区间扫低立即收回多头,流动性反转,REJECTED,2026-05,0.3611113615671732,0.3520152970564411,-0.009096064510732138,-0.022698333834682973,-0.038281657580085005,-0.015583323745402031
区间扫高立即跌回空头,流动性反转,REJECTED,2025-05,0.2361138925851466,0.2386611579398354,0.002547265354688799,-0.3950554120267663,-0.3900426204262432,0.005012791600523092
区间扫高立即跌回空头,流动性反转,REJECTED,2025-06,0.29825085978404636,0.29344280236516673,-0.00480805741887963,-0.21835020673658362,-0.22760979792954394,-0.009259591192960326
区间扫高立即跌回空头,流动性反转,REJECTED,2025-07,0.26229754716443104,0.2626493789532897,0.0003518317888586697,-0.31015408539593115,-0.3094619667499837,0.000692118645947426
区间扫高立即跌回空头,流动性反转,REJECTED,2025-08,0.2143076779694495,0.0,-0.2143076779694495,-0.691504182354021,0.0,0.691504182354021
区间扫高立即跌回空头,流动性反转,REJECTED,2025-09,0.2000073518761501,0.20314751116881888,0.0031401592926687816,-0.4342210167345666,-0.4282863501137262,0.005934666620840412
区间扫高立即跌回空头,流动性反转,REJECTED,2025-10,0.3114972704400094,0.3002104730193515,-0.011286797420657912,-0.30907956867142533,-0.33087674470860795,-0.02179717603718262
区间扫高立即跌回空头,流动性反转,REJECTED,2025-11,0.13154497848781976,0.13429327501211322,0.002748296524293453,-0.8004940345547569,-0.7948872249753581,0.005606809579398742
区间扫高立即跌回空头,流动性反转,REJECTED,2025-12,0.2245057518085483,0.22266508825937795,-0.0018406635491703405,-0.4026064246247177,-0.406129859375849,-0.0035234347511313158
区间扫高立即跌回空头,流动性反转,REJECTED,2026-01,0.08336045899166834,0.0813825925818483,-0.0019778664098200477,-0.8975902572559153,-0.9016317274624992,-0.004041470206583853
区间扫高立即跌回空头,流动性反转,REJECTED,2026-02,0.3018910936668458,0.3100326983624021,0.008141604695556304,-0.2476849787089655,-0.23262363887578064,0.015061339833184861
区间扫高立即跌回空头,流动性反转,REJECTED,2026-03,0.38982577310200045,0.389348572760186,-0.00047720034181447657,0.01814490950175535,0.017288299703221696,-0.0008566097985336536
区间扫高立即跌回空头,流动性反转,REJECTED,2026-04,0.2600080627015345,0.25871602044890585,-0.0012920422526286335,-0.3357785029068539,-0.33817963797690265,-0.0024011350700487433
区间扫高立即跌回空头,流动性反转,REJECTED,2026-05,0.21571905441423575,0.21450003802308926,-0.0012190163911464935,-0.43372583750991284,-0.4361296865320492,-0.0024038490221363618
扫低后确认K多头,流动性确认,REJECTED,2025-05,0.2663774048440076,0.26657034266132257,0.00019293781731494208,-0.3301672495686753,-0.3298111507311297,0.00035609883754561533
扫低后确认K多头,流动性确认,REJECTED,2025-06,0.13761752496190294,0.13554796114009857,-0.002069563821804371,-0.6546775687942397,-0.6587522112967821,-0.004074642502542414
扫低后确认K多头,流动性确认,REJECTED,2025-07,0.24087772923965733,0.26271858866103764,0.02184085942138031,-0.33803298356663614,-0.2953262756723619,0.04270670789427422
扫低后确认K多头,流动性确认,REJECTED,2025-08,0.16360804969154027,0.1634687900377306,-0.00013925965380967575,-0.6954722896453958,-0.6956034306620095,-0.0001311410166137117
扫低后确认K多头,流动性确认,REJECTED,2025-09,0.3125030655670288,0.31163611993644047,-0.0008669456305883116,-0.2221257936501335,-0.22375280722680993,-0.0016270135766764393
扫低后确认K多头,流动性确认,REJECTED,2025-10,0.1749792255007462,0.1727322836160395,-0.002246941884706699,-0.5285825678752291,-0.5328408101496155,-0.004258242274386426
扫低后确认K多头,流动性确认,REJECTED,2025-11,0.25532193887537324,0.25726214379943296,0.0019402049240597186,-0.29844657474121533,-0.29472800142090466,0.0037185733203106697
扫低后确认K多头,流动性确认,REJECTED,2025-12,0.16240147277449618,0.1658030464366896,0.00340157366219343,-0.5368912760866177,-0.5303049371000778,0.00658633898653993
扫低后确认K多头,流动性确认,REJECTED,2026-01,0.2696748854361217,0.2766709465464446,0.00699606111032286,-0.23857846983329548,-0.22623756117397784,0.01234090865931764
扫低后确认K多头,流动性确认,REJECTED,2026-02,0.15052861924271144,0.15560736060905947,0.005078741366348033,-0.6287397138540505,-0.6191713510943061,0.009568362759744375
扫低后确认K多头,流动性确认,REJECTED,2026-03,0.21900882639250097,0.21597758551367877,-0.0030312408788222,-0.46424241047217196,-0.47030885118663907,-0.006066440714467103
扫低后确认K多头,流动性确认,REJECTED,2026-04,0.30559134294577256,0.30574952189753196,0.00015817895175940233,-0.21488961277198396,-0.21453417290311286,0.00035543986887109913
扫低后确认K多头,流动性确认,REJECTED,2026-05,0.48455587001883976,0.482610905274272,-0.0019449647445677898,0.27374650454638755,0.2694521803549257,-0.004294324191461862
扫高后确认K空头,流动性确认,REJECTED,2025-05,0.26785045334020163,0.2677016855211157,-0.00014876781908595982,-0.3829219139758884,-0.38308310843784593,-0.00016119446195755893
扫高后确认K空头,流动性确认,REJECTED,2025-06,0.21210749679572347,0.21631753592971725,0.004210039133993787,-0.4488444157102611,-0.4418292590149331,0.00701515669532804
扫高后确认K空头,流动性确认,REJECTED,2025-07,0.24000617122452875,0.24041308053369648,0.00040690930916773005,-0.41784836635608386,-0.41668594239154744,0.0011624239645364187
扫高后确认K空头,流动性确认,REJECTED,2025-08,0.23075671451101387,0.2262278490151567,-0.004528865495857182,-0.42896345351479526,-0.43662162925673625,-0.007658175741940998
扫高后确认K空头,流动性确认,REJECTED,2025-09,0.2475883527002041,0.2504195101152175,0.0028311574150134133,-0.41046133715031846,-0.40551940716603097,0.004941929984287496
扫高后确认K空头,流动性确认,REJECTED,2025-10,0.2706886301381,0.26862277506604176,-0.0020658550720582536,-0.35168237701862676,-0.3555153209058632,-0.0038329438872364285
扫高后确认K空头,流动性确认,REJECTED,2025-11,0.1293968071520336,0.12943085726565692,3.4050113623312894e-05,-0.7981269821056508,-0.7979748543189648,0.00015212778668605154
扫高后确认K空头,流动性确认,REJECTED,2025-12,0.1810155626211891,0.17402181112379939,-0.006993751497389705,-0.5563118617006083,-0.568812772495432,-0.012500910794823739
扫高后确认K空头,流动性确认,REJECTED,2026-01,0.19145866964180652,0.19122426567827377,-0.00023440396353274773,-0.5588895518340653,-0.5592071148000853,-0.0003175629660200352
扫高后确认K空头,流动性确认,REJECTED,2026-02,0.28572870464046524,0.28096016570517507,-0.0047685389352901675,-0.3744213115346413,-0.38251600167499666,-0.008094690140355354
扫高后确认K空头,流动性确认,REJECTED,2026-03,0.25471741974404233,0.2560149260621379,0.0012975063180955537,-0.354333631563361,-0.35216664478770116,0.0021669867756598515
扫高后确认K空头,流动性确认,REJECTED,2026-04,0.29702163728954933,0.29285791921321586,-0.004163718076333478,-0.398555804887496,-0.4064257544105166,-0.007869949523020614
扫高后确认K空头,流动性确认,REJECTED,2026-05,0.1941760391882761,0.18439506111424478,-0.009780978074031332,-0.5155772089448486,-0.5327554105626138,-0.017178201617765176
区间二次测试不破多头,二次测试,REJECTED,2025-05,0.42306684582447845,0.5102819604822219,0.0872151146577434,0.05219010142321852,0.23323202318198744,0.18104192175876893
区间二次测试不破多头,二次测试,REJECTED,2025-06,0.16666709454647094,0.16805546659560555,0.0013883720491346119,-0.7258654795319319,-0.7226385302472531,0.003226949284678815
区间二次测试不破多头,二次测试,REJECTED,2025-07,0.10527615235522174,0.11356223209817327,0.008286079742951535,-1.1261599059991365,-1.1073298208519848,0.018830085147151676
区间二次测试不破多头,二次测试,REJECTED,2025-08,0.0,0.0,0.0,0.0,0.0,0.0
区间二次测试不破多头,二次测试,REJECTED,2025-09,0.15387872625357174,0.17296362198313286,0.019084895729561124,-0.7096367649756572,-0.6713926935514832,0.038244071424173964
区间二次测试不破多头,二次测试,REJECTED,2025-10,0.23531856974461493,0.0,-0.23531856974461493,-0.34648247344574057,0.0,0.34648247344574057
区间二次测试不破多头,二次测试,REJECTED,2025-11,0.0,0.0,0.0,0.0,0.0,0.0
区间二次测试不破多头,二次测试,REJECTED,2025-12,0.21428746724984218,0.0,-0.21428746724984218,-0.5343619624366065,0.0,0.5343619624366065
区间二次测试不破多头,二次测试,REJECTED,2026-01,0.25000153492308164,0.0,-0.25000153492308164,-0.3216841301311008,0.0,0.3216841301311008
区间二次测试不破多头,二次测试,REJECTED,2026-02,0.0,0.0,0.0,0.0,0.0,0.0
区间二次测试不破多头,二次测试,REJECTED,2026-03,0.22223086540319464,0.222281096047883,5.023064468834271e-05,-0.37046731711865694,-0.3703856715283506,8.16455903063229e-05
区间二次测试不破多头,二次测试,REJECTED,2026-04,0.2692512430969431,0.2873067502987021,0.018055507201759025,-0.39250770770740345,-0.35657879473524934,0.035928912972154115
区间二次测试不破多头,二次测试,REJECTED,2026-05,0.6923054649005115,0.0,-0.6923054649005115,0.6164863685079947,0.0,-0.6164863685079947
区间二次测试不破空头,二次测试,REJECTED,2025-05,0.1923679740520963,0.19743399315988527,0.005066019107788977,-0.49499812909386504,-0.4850238012587955,0.009974327835069519
区间二次测试不破空头,二次测试,REJECTED,2025-06,0.17159663572690298,0.16900564329263232,-0.0025909924342706614,-0.5699586531849932,-0.5751265658044651,-0.005167912619471915
区间二次测试不破空头,二次测试,REJECTED,2025-07,0.22034370152815483,0.22419553650732654,0.0038518349791717144,-0.5218225606841052,-0.5137590021466476,0.00806355853745755
区间二次测试不破空头,二次测试,REJECTED,2025-08,0.22500198007600475,0.22592013852446305,0.0009181584484583005,-0.46487112957548754,-0.4629049977870834,0.0019661317884041574
区间二次测试不破空头,二次测试,REJECTED,2025-09,0.2527509667257385,0.25368452344663717,0.0009335567208986761,-0.2886455786177837,-0.28687702971838247,0.0017685488994012566
区间二次测试不破空头,二次测试,REJECTED,2025-10,0.2700189022087232,0.26393707558457485,-0.0060818266241483565,-0.36332644402028386,-0.37504390833726,-0.011717464316976123
区间二次测试不破空头,二次测试,REJECTED,2025-11,0.15186571812104468,0.1539395380340007,0.002073819912956021,-0.6393111732882373,-0.6352250957329246,0.0040860775553126505
区间二次测试不破空头,二次测试,REJECTED,2025-12,0.23273391912789962,0.23355451284582096,0.0008205937179213418,-0.26949185814302645,-0.268254231344766,0.0012376267982604494
区间二次测试不破空头,二次测试,REJECTED,2026-01,0.19605231580090862,0.19745323560777828,0.001400919806869655,-0.47939371646274054,-0.476005255033517,0.003388461429223555
区间二次测试不破空头,二次测试,REJECTED,2026-02,0.18069500231511054,0.17175946057031075,-0.008935541744799796,-0.4933837879046851,-0.5111938736610456,-0.017810085756360505
区间二次测试不破空头,二次测试,REJECTED,2026-03,0.3128775135206716,0.31661097236732644,0.0037334588466548246,-0.15694956692732717,-0.14959263229682576,0.0073569346305014105
区间二次测试不破空头,二次测试,REJECTED,2026-04,0.29371132201109085,0.2955769244009252,0.0018656023898343532,-0.19677395772215675,-0.19298469944538205,0.003789258276774704
区间二次测试不破空头,二次测试,REJECTED,2026-05,0.17946403007265432,0.17972360446181676,0.0002595743891624369,-0.5677683162751347,-0.5675208617736488,0.00024745450148588866
扫低后站回VWAP多头,流动性VWAP,REJECTED,2025-05,0.0,0.0,0.0,0.0,0.0,0.0
扫低后站回VWAP多头,流动性VWAP,REJECTED,2025-06,0.0,0.0,0.0,0.0,0.0,0.0
扫低后站回VWAP多头,流动性VWAP,REJECTED,2025-07,0.0,0.0,0.0,0.0,0.0,0.0
扫低后站回VWAP多头,流动性VWAP,REJECTED,2025-08,0.0,0.0,0.0,0.0,0.0,0.0
扫低后站回VWAP多头,流动性VWAP,REJECTED,2025-09,0.0,0.0,0.0,0.0,0.0,0.0
扫低后站回VWAP多头,流动性VWAP,REJECTED,2025-10,0.0,0.0,0.0,0.0,0.0,0.0
扫低后站回VWAP多头,流动性VWAP,REJECTED,2025-11,0.0,0.0,0.0,0.0,0.0,0.0
扫低后站回VWAP多头,流动性VWAP,REJECTED,2025-12,0.0,0.0,0.0,0.0,0.0,0.0
扫低后站回VWAP多头,流动性VWAP,REJECTED,2026-01,0.0,0.0,0.0,0.0,0.0,0.0
扫低后站回VWAP多头,流动性VWAP,REJECTED,2026-02,0.0,0.0,0.0,0.0,0.0,0.0
扫低后站回VWAP多头,流动性VWAP,REJECTED,2026-03,0.0,0.0,0.0,0.0,0.0,0.0
扫低后站回VWAP多头,流动性VWAP,REJECTED,2026-04,0.0,0.0,0.0,0.0,0.0,0.0
扫低后站回VWAP多头,流动性VWAP,REJECTED,2026-05,0.0,0.0,0.0,0.0,0.0,0.0
扫高后跌破VWAP空头,流动性VWAP,REJECTED,2025-05,0.0,0.0,0.0,0.0,0.0,0.0
扫高后跌破VWAP空头,流动性VWAP,REJECTED,2025-06,0.0,0.0,0.0,0.0,0.0,0.0
扫高后跌破VWAP空头,流动性VWAP,REJECTED,2025-07,0.0,0.0,0.0,0.0,0.0,0.0
扫高后跌破VWAP空头,流动性VWAP,REJECTED,2025-08,0.0,0.0,0.0,0.0,0.0,0.0
扫高后跌破VWAP空头,流动性VWAP,REJECTED,2025-09,0.0,0.0,0.0,0.0,0.0,0.0
扫高后跌破VWAP空头,流动性VWAP,REJECTED,2025-10,0.0,0.0,0.0,0.0,0.0,0.0
扫高后跌破VWAP空头,流动性VWAP,REJECTED,2025-11,0.0,0.0,0.0,0.0,0.0,0.0
扫高后跌破VWAP空头,流动性VWAP,REJECTED,2025-12,0.0,0.0,0.0,0.0,0.0,0.0
扫高后跌破VWAP空头,流动性VWAP,REJECTED,2026-01,0.0,0.0,0.0,0.0,0.0,0.0
扫高后跌破VWAP空头,流动性VWAP,REJECTED,2026-02,0.0,0.0,0.0,0.0,0.0,0.0
扫高后跌破VWAP空头,流动性VWAP,REJECTED,2026-03,0.0,0.0,0.0,0.0,0.0,0.0
扫高后跌破VWAP空头,流动性VWAP,REJECTED,2026-04,0.0,0.0,0.0,0.0,0.0,0.0
扫高后跌破VWAP空头,流动性VWAP,REJECTED,2026-05,0.0,0.0,0.0,0.0,0.0,0.0
BTC弱于ETH背离修复多头,跨资产背离,REJECTED,2025-05,0.2666667212577665,0.2520061075470413,-0.014660613710725245,-0.3763663145618161,-0.40322714294761286,-0.026860828385796787
BTC弱于ETH背离修复多头,跨资产背离,REJECTED,2025-06,0.21052760039338203,0.2151668081227627,0.004639207729380673,-0.47312374171524196,-0.4649089298659927,0.00821481184924927
BTC弱于ETH背离修复多头,跨资产背离,REJECTED,2025-07,0.25926085435934215,0.31299470026756254,0.05373384590822039,-0.5067133471934686,-0.4031258368168967,0.10358751037657193
BTC弱于ETH背离修复多头,跨资产背离,REJECTED,2025-08,0.0,0.0,0.0,0.0,0.0,0.0
BTC弱于ETH背离修复多头,跨资产背离,REJECTED,2025-09,0.583320820651841,0.0,-0.583320820651841,0.12399110790226031,0.0,-0.12399110790226031
BTC弱于ETH背离修复多头,跨资产背离,REJECTED,2025-10,0.0,0.0,0.0,0.0,0.0,0.0
BTC弱于ETH背离修复多头,跨资产背离,REJECTED,2025-11,0.1785735317208637,0.19742822925189785,0.018854697531034137,-0.6381557076154225,-0.6032253782140303,0.03493032940139218
BTC弱于ETH背离修复多头,跨资产背离,REJECTED,2025-12,0.12828161904351823,0.12792617829871494,-0.000355440744803287,-0.6830138717864955,-0.6833645660098893,-0.0003506942233937327
BTC弱于ETH背离修复多头,跨资产背离,REJECTED,2026-01,0.3000146014900671,0.2147762386069158,-0.08523836288315129,-0.5005941364818735,-0.675027470198222,-0.1744333337163485
BTC弱于ETH背离修复多头,跨资产背离,REJECTED,2026-02,0.0,0.0,0.0,0.0,0.0,0.0
BTC弱于ETH背离修复多头,跨资产背离,REJECTED,2026-03,0.24589480756627616,0.3181664233156929,0.07227161574941673,-0.34536192899201934,-0.21070532846918327,0.13465660052283607
BTC弱于ETH背离修复多头,跨资产背离,REJECTED,2026-04,0.3125092010592011,0.3137779987849751,0.0012687977257739846,-0.09292160681164588,-0.09126256089861867,0.0016590459130272073
BTC弱于ETH背离修复多头,跨资产背离,REJECTED,2026-05,0.0,0.0,0.0,0.0,0.0,0.0
BTC强于ETH背离修复空头,跨资产背离,CANDIDATE,2025-05,0.12000436988687875,0.11989128434849321,-0.00011308553838554336,-0.689646354099772,-0.6897154686625278,-6.911456275571215e-05
BTC强于ETH背离修复空头,跨资产背离,CANDIDATE,2025-06,0.1739136863993513,0.18953637025321052,0.015622683853859204,-0.5465352832512922,-0.5164737915218165,0.030061491729475698
BTC强于ETH背离修复空头,跨资产背离,CANDIDATE,2025-07,0.35714306178741284,0.38514433986079305,0.02800127807338021,0.014745180486086923,0.06933918196214893,0.054594001476062005
BTC强于ETH背离修复空头,跨资产背离,CANDIDATE,2025-08,0.0,0.0,0.0,0.0,0.0,0.0
BTC强于ETH背离修复空头,跨资产背离,CANDIDATE,2025-09,0.0,0.0,0.0,0.0,0.0,0.0
BTC强于ETH背离修复空头,跨资产背离,CANDIDATE,2025-10,0.0,0.0,0.0,0.0,0.0,0.0
BTC强于ETH背离修复空头,跨资产背离,CANDIDATE,2025-11,0.27273032304988654,0.2664671120630183,-0.006263210986868217,-0.25853291593218947,-0.27249500750152483,-0.013962091569335366
BTC强于ETH背离修复空头,跨资产背离,CANDIDATE,2025-12,0.35897510717212155,0.3380882443683982,-0.02088686280372337,0.07966560339605719,0.03829912851961505,-0.04136647487644214
BTC强于ETH背离修复空头,跨资产背离,CANDIDATE,2026-01,0.3181806720118195,0.34166280506669655,0.023482133054877063,-0.16168667208787715,-0.11034253050979421,0.05134414157808294
BTC强于ETH背离修复空头,跨资产背离,CANDIDATE,2026-02,0.2105388227931877,0.21599064452468722,0.005451821731499523,-0.5319454564163678,-0.5212333243060087,0.010712132110359152
BTC强于ETH背离修复空头,跨资产背离,CANDIDATE,2026-03,0.20689787534716708,0.21430907332951832,0.007411197982351236,-0.38723089605662403,-0.37213715009378406,0.015093745962839966
BTC强于ETH背离修复空头,跨资产背离,CANDIDATE,2026-04,0.34784327835936163,0.35649995880460694,0.008656680445245313,0.112952332035836,0.12911591948131484,0.01616358744547884
BTC强于ETH背离修复空头,跨资产背离,CANDIDATE,2026-05,0.2727265129266388,0.25539205924456154,-0.017334453682077255,-0.41852562114972724,-0.4558204441630666,-0.03729482301333936
压缩后首次放量突破多头,波动扩张,REJECTED,2025-05,0.2567429086093587,0.25969990634530477,0.002956997735946043,-0.3495818367885553,-0.3443015617449956,0.005280275043559712
压缩后首次放量突破多头,波动扩张,REJECTED,2025-06,0.28289107405137764,0.28169694177434024,-0.0011941322770374074,-0.3270417758129652,-0.329393407791931,-0.002351631978965818
压缩后首次放量突破多头,波动扩张,REJECTED,2025-07,0.29069005334186,0.2912646340580437,0.0005745807161837146,-0.24855745056548587,-0.24854343424645475,1.4016319031112667e-05
压缩后首次放量突破多头,波动扩张,REJECTED,2025-08,0.24998535295891652,0.24475402287328157,-0.00523133008563495,-0.4568607076077463,-0.46630453034293384,-0.009443822735187568
压缩后首次放量突破多头,波动扩张,REJECTED,2025-09,0.18657364429550446,0.18641304091148517,-0.00016060338401929775,-0.5336145742493531,-0.5340103733897502,-0.00039579914039711284
压缩后首次放量突破多头,波动扩张,REJECTED,2025-10,0.2054922377479473,0.2096235050575018,0.004131267309554487,-0.5546312556700524,-0.5472661569495941,0.0073650987204583185
压缩后首次放量突破多头,波动扩张,REJECTED,2025-11,0.25162096924907856,0.24772085765743285,-0.0039001115916457163,-0.3717030796103327,-0.3786875915020798,-0.006984511891747092
压缩后首次放量突破多头,波动扩张,REJECTED,2025-12,0.16240646431667796,0.16259928060751222,0.00019281629083425789,-0.6095895090441347,-0.6093940037222136,0.0001955053219210301
压缩后首次放量突破多头,波动扩张,REJECTED,2026-01,0.2204802784752617,0.22479332774989644,0.004313049274634745,-0.5168190450227415,-0.5092772831186064,0.007541761904135025
压缩后首次放量突破多头,波动扩张,REJECTED,2026-02,0.17886256641821693,0.18341830120939095,0.004555734791174021,-0.5432148739966054,-0.5350298508720949,0.008185023124510526
压缩后首次放量突破多头,波动扩张,REJECTED,2026-03,0.22517840013672946,0.2315337865648769,0.006355386428147425,-0.4172052266587392,-0.40567022469084923,0.01153500196788998
压缩后首次放量突破多头,波动扩张,REJECTED,2026-04,0.20353217908801194,0.20356279235233227,3.061326432032829e-05,-0.5079379281088826,-0.507535798525135,0.00040212958374763463
压缩后首次放量突破多头,波动扩张,REJECTED,2026-05,0.3407104981038654,0.34678070354108526,0.006070205437219867,-0.17320141871757663,-0.1632983439203802,0.009903074797196432
压缩后首次放量突破空头,波动扩张,REJECTED,2025-05,0.23493928641635967,0.23618896734532233,0.0012496809289626598,-0.3238648290067409,-0.31966519838983815,0.004199630616902761
压缩后首次放量突破空头,波动扩张,REJECTED,2025-06,0.2154933393088591,0.21893952375142484,0.003446184442565725,-0.3243799738895943,-0.3177636712960808,0.006616302593513479
压缩后首次放量突破空头,波动扩张,REJECTED,2025-07,0.12957855676427374,0.13295484606890515,0.003376289304631408,-0.5447716577239555,-0.5376587277273231,0.007112929996632378
压缩后首次放量突破空头,波动扩张,REJECTED,2025-08,0.1562933802323682,0.15710613531510426,0.0008127550827360663,-0.47570216801434906,-0.47395726224764473,0.00174490576670433
压缩后首次放量突破空头,波动扩张,REJECTED,2025-09,0.28777391051437545,0.2911761177319929,0.00340220721761747,-0.2995787774455865,-0.2902041088176284,0.00937466862795805
压缩后首次放量突破空头,波动扩张,REJECTED,2025-10,0.20472360620452584,0.20337813711793717,-0.0013454690865886687,-0.3596730503432425,-0.3618821330932517,-0.0022090827500091947
压缩后首次放量突破空头,波动扩张,REJECTED,2025-11,0.23972682671613693,0.23892655236962246,-0.0008002743465144735,-0.38047624838056865,-0.3827217755220109,-0.0022455271414422717
压缩后首次放量突破空头,波动扩张,REJECTED,2025-12,0.20336127322003322,0.20237646156441363,-0.0009848116556195885,-0.40201746538651967,-0.40453491536342434,-0.002517449976904673
压缩后首次放量突破空头,波动扩张,REJECTED,2026-01,0.15429146479610734,0.15411968277534488,-0.00017178202076245652,-0.5582243874288514,-0.5593035951932069,-0.0010792077643555498
压缩后首次放量突破空头,波动扩张,REJECTED,2026-02,0.21801939921669872,0.20800767632038705,-0.010011722896311664,-0.3467424555568951,-0.3655142709582051,-0.01877181540131001
压缩后首次放量突破空头,波动扩张,REJECTED,2026-03,0.20466625804581212,0.20358051818757053,-0.0010857398582415911,-0.39577105729283485,-0.39783714697831196,-0.0020660896854771127
压缩后首次放量突破空头,波动扩张,REJECTED,2026-04,0.2500306411592366,0.2495026922170099,-0.0005279489422267136,-0.2490581820530606,-0.2502585111595717,-0.0012003291065111055
压缩后首次放量突破空头,波动扩张,REJECTED,2026-05,0.1641748544045921,0.16506170179771645,0.0008868473931243626,-0.6196866370023983,-0.6177934059950685,0.0018932310073298542
向下假突破回区间多头,假突破反转,REJECTED,2025-05,0.24548850423190155,0.265070624997314,0.019582120765412436,-0.324923279911299,-0.2847635089306285,0.04015977098067047
向下假突破回区间多头,假突破反转,REJECTED,2025-06,0.21278183648859728,0.21396828990045544,0.0011864534118581627,-0.4089915255371477,-0.4075988664530242,0.0013926590841235043
向下假突破回区间多头,假突破反转,REJECTED,2025-07,0.2547363688798225,0.2557902188526491,0.0010538499728265927,-0.3286974703491269,-0.3262290245767264,0.0024684457724004627
向下假突破回区间多头,假突破反转,REJECTED,2025-08,0.18971822902746463,0.18995368540265603,0.00023545637519140072,-0.5475110549807878,-0.5453173561108563,0.002193698869931482
向下假突破回区间多头,假突破反转,REJECTED,2025-09,0.20855411074369573,0.20694922862763582,-0.0016048821160599136,-0.36491129145701773,-0.36747298527904315,-0.0025616938220254237
向下假突破回区间多头,假突破反转,REJECTED,2025-10,0.20473326856394922,0.20647916293026894,0.0017458943663197224,-0.4395601212072076,-0.4339824083693944,0.00557771283781322
向下假突破回区间多头,假突破反转,REJECTED,2025-11,0.27510273062900004,0.273946510103119,-0.0011562205258810465,-0.2940009620292029,-0.29627758564939016,-0.002276623620187268
向下假突破回区间多头,假突破反转,REJECTED,2025-12,0.21472501042260017,0.2149956959562564,0.00027068553365622305,-0.40308881816235115,-0.4026606457188551,0.0004281724434960221
向下假突破回区间多头,假突破反转,REJECTED,2026-01,0.19795315191433435,0.19676679189237453,-0.0011863600219598203,-0.4087306003095848,-0.41109190086803027,-0.002361300558445467
向下假突破回区间多头,假突破反转,REJECTED,2026-02,0.17685047457974284,0.1759551993295848,-0.0008952752501580341,-0.4680329605784518,-0.4699967123665281,-0.00196375178807634
向下假突破回区间多头,假突破反转,REJECTED,2026-03,0.2210171303945425,0.22028725665538557,-0.0007298737391569221,-0.3907121836384027,-0.392113764619539,-0.0014015809811362967
向下假突破回区间多头,假突破反转,REJECTED,2026-04,0.25071128659984415,0.24954567871697644,-0.0011656078828677086,-0.3241978148199531,-0.3266097994222157,-0.002411984602262607
向下假突破回区间多头,假突破反转,REJECTED,2026-05,0.28136192402143523,0.28109499146616246,-0.0002669325552727697,-0.20340237919170318,-0.20061002707982686,0.0027923521118763117
向上假突破回区间空头,假突破反转,REJECTED,2025-05,0.28532969131225355,0.2928950966229421,0.0075654053106885555,-0.3290371174403056,-0.31499743759195187,0.014039679848353748
向上假突破回区间空头,假突破反转,REJECTED,2025-06,0.2300796798824567,0.2341776648973921,0.0040979850149354125,-0.4060713288758705,-0.3987890523307899,0.007282276545080624
向上假突破回区间空头,假突破反转,REJECTED,2025-07,0.26578860813118044,0.26872536710107026,0.002936758969889819,-0.40465105499087484,-0.40059825970480434,0.0040527952860704985
向上假突破回区间空头,假突破反转,REJECTED,2025-08,0.19996862034482332,0.19754291279857622,-0.0024257075462471023,-0.5510079243204572,-0.5556125613736896,-0.004604637053232441
向上假突破回区间空头,假突破反转,REJECTED,2025-09,0.29234512053544887,0.292268035991366,-7.708454408283938e-05,-0.24901849682074703,-0.24912613159433342,-0.00010763477358638474
向上假突破回区间空头,假突破反转,REJECTED,2025-10,0.2425886812817489,0.2429012206774125,0.0003125393956635858,-0.4486182000679566,-0.4498936266590406,-0.0012754265910839835
向上假突破回区间空头,假突破反转,REJECTED,2025-11,0.2237545036391818,0.22463151044821922,0.0008770068090374061,-0.4917976209827188,-0.49025755217126354,0.0015400688114552419
向上假突破回区间空头,假突破反转,REJECTED,2025-12,0.25942406155736414,0.25547580767897277,-0.003948253878391372,-0.30981153797314687,-0.31670179002278037,-0.006890252049633505
向上假突破回区间空头,假突破反转,REJECTED,2026-01,0.2026143033781057,0.2032337854656006,0.0006194820874949047,-0.5023548359961844,-0.5015279784207851,0.0008268575753992424
向上假突破回区间空头,假突破反转,REJECTED,2026-02,0.26814483124524124,0.27275301066877444,0.0046081794235331985,-0.33132456351968625,-0.3230620129220722,0.008262550597614049
向上假突破回区间空头,假突破反转,REJECTED,2026-03,0.3003627542541014,0.30071525170022406,0.000352497446122646,-0.2729429796093849,-0.27351543787623284,-0.0005724582668479306
向上假突破回区间空头,假突破反转,REJECTED,2026-04,0.26286662444025277,0.2629222567164288,5.563227617605415e-05,-0.3898202364855815,-0.38939967507771006,0.0004205614078714448
向上假突破回区间空头,假突破反转,REJECTED,2026-05,0.21676819402192976,0.21800599080682587,0.0012377967848961058,-0.46342232792948196,-0.4614294784137174,0.001992849515764561
资金费率极端回归多头,衍生品反转,REJECTED,2025-05,0.2664081869939556,0.2650889670589493,-0.0013192199350062772,-0.30982961861084996,-0.31213622630751925,-0.002306607696669294
资金费率极端回归多头,衍生品反转,REJECTED,2025-06,0.2315286263983764,0.23334073476040504,0.001812108362028636,-0.3937108345930533,-0.3910356217138651,0.0026752128791882046
资金费率极端回归多头,衍生品反转,REJECTED,2025-07,0.2696015191630141,0.2645481680147765,-0.005053351148237628,-0.32457603924246525,-0.3337587382948269,-0.009182699052361631
资金费率极端回归多头,衍生品反转,REJECTED,2025-08,0.24265003022040593,0.27140739714528217,0.028757366924876238,-0.5451425274356896,-0.4893410008641956,0.05580152657149401
资金费率极端回归多头,衍生品反转,REJECTED,2025-09,0.18469750816121136,0.18242349581879824,-0.0022740123424131176,-0.5533605391084792,-0.5566050281405983,-0.0032444890321191577
资金费率极端回归多头,衍生品反转,REJECTED,2025-10,0.2545507605602503,0.25051805452860265,-0.004032706031647626,-0.30678983323298054,-0.31319527951229764,-0.006405446279317106
资金费率极端回归多头,衍生品反转,REJECTED,2025-11,0.25300719122788085,0.26453887166454754,0.011531680436666691,-0.3211761128647607,-0.30074288209325545,0.020433230771505273
资金费率极端回归多头,衍生品反转,REJECTED,2025-12,0.2120634376109331,0.21479339746647197,0.002729959855538866,-0.4894175120327663,-0.48375725295362004,0.005660259079146246
资金费率极端回归多头,衍生品反转,REJECTED,2026-01,0.24943141995425777,0.2500045281255427,0.0005731081712849195,-0.320893667670447,-0.31960163703315303,0.001292030637293995
资金费率极端回归多头,衍生品反转,REJECTED,2026-02,0.21083335656698587,0.21786315129643527,0.007029794729449396,-0.4415004907747204,-0.4281083230997302,0.01339216767499024
资金费率极端回归多头,衍生品反转,REJECTED,2026-03,0.26545293928173114,0.2670982378002605,0.0016452985185293478,-0.27889356045209157,-0.27584945164479996,0.0030441088072916123
资金费率极端回归多头,衍生品反转,REJECTED,2026-04,0.2734947658699033,0.2729628515299467,-0.0005319143399565851,-0.3499791869100555,-0.34809179561868064,0.0018873912913748292
资金费率极端回归多头,衍生品反转,REJECTED,2026-05,0.2290373017150451,0.23573397997383774,0.006696678258792638,-0.39882762218074486,-0.38434561290050895,0.014482009280235908
资金费率极端回归空头,衍生品反转,REJECTED,2025-05,0.20251195496508742,0.1982517764759608,-0.0042601784891266314,-0.4098562650474672,-0.41768094666940614,-0.007824681621938945
资金费率极端回归空头,衍生品反转,REJECTED,2025-06,0.24453685888440446,0.2358554828397643,-0.008681376044640171,-0.327076653461098,-0.344384239416109,-0.01730758595501103
资金费率极端回归空头,衍生品反转,REJECTED,2025-07,0.264347311328009,0.25699868782043933,-0.0073486235075696515,-0.24090884880087937,-0.2564520991543182,-0.015543250353438842
资金费率极端回归空头,衍生品反转,REJECTED,2025-08,0.18331495844931117,0.18260341550158196,-0.0007115429477292101,-0.41432588125941694,-0.4150911736692323,-0.0007652924098153768
资金费率极端回归空头,衍生品反转,REJECTED,2025-09,0.18713728840001498,0.18572614426950232,-0.0014111441305126593,-0.4745141156841582,-0.47772316694257155,-0.0032090512584133646
资金费率极端回归空头,衍生品反转,REJECTED,2025-10,0.26253173770823407,0.26575359772397267,0.003221860015738598,-0.24689993370637414,-0.24156644003136038,0.005333493675013762
资金费率极端回归空头,衍生品反转,REJECTED,2025-11,0.1991685993475539,0.20728570257062098,0.00811710322306708,-0.472664932225534,-0.4573636402241102,0.015301292001423827
资金费率极端回归空头,衍生品反转,REJECTED,2025-12,0.255702633032598,0.25572354084811366,2.0907815515669448e-05,-0.28970147779555877,-0.2892485951670042,0.00045288262855458505
资金费率极端回归空头,衍生品反转,REJECTED,2026-01,0.24836516412496545,0.2478539803268134,-0.0005111837981520428,-0.30017533125448387,-0.3006862316823171,-0.0005109004278332496
资金费率极端回归空头,衍生品反转,REJECTED,2026-02,0.2664835707043423,0.2697135461444224,0.0032299754400800795,-0.2108355155071917,-0.20218729477303787,0.008648220734153833
资金费率极端回归空头,衍生品反转,REJECTED,2026-03,0.2901907954283387,0.289838912065745,-0.0003518833625936746,-0.1575944360416003,-0.1580330317351861,-0.000438595693585786
资金费率极端回归空头,衍生品反转,REJECTED,2026-04,0.3009292724058508,0.2990068178787597,-0.0019224545270911109,-0.19480203907017773,-0.1990521136840981,-0.004250074613920352
资金费率极端回归空头,衍生品反转,REJECTED,2026-05,0.16505941580536662,0.16464785436183071,-0.0004115614435359072,-0.562922321368757,-0.563441107432899,-0.0005187860641420183
合约溢价极端修复多头,基差反转,REJECTED,2025-05,0.19360476226433296,0.19805545738871821,0.004450695124385257,-0.5445360330836356,-0.53568395206331,0.008852081020325642
合约溢价极端修复多头,基差反转,REJECTED,2025-06,0.20370277891255148,0.201725045367455,-0.0019777335450964773,-0.5396145834725763,-0.5433031134787955,-0.0036885300062191595
合约溢价极端修复多头,基差反转,REJECTED,2025-07,0.32254993696445433,0.2838010007589758,-0.038748936205478535,-0.05699086572616777,-0.12966968239456234,-0.07267881666839457
合约溢价极端修复多头,基差反转,REJECTED,2025-08,0.2381073221848967,0.2304611040558197,-0.0076462181290769815,-0.5403700157126415,-0.5559549041470833,-0.015584888434441724
合约溢价极端修复多头,基差反转,REJECTED,2025-09,0.18919713199719865,0.1958361105414221,0.006638978544223462,-0.6269804208627687,-0.6137806303956984,0.013199790467070316
合约溢价极端修复多头,基差反转,REJECTED,2025-10,0.22725437510197974,0.22111695104720994,-0.006137424054769802,-0.43311140012239774,-0.44528732953982386,-0.012175929417426123
合约溢价极端修复多头,基差反转,REJECTED,2025-11,0.2500046377085408,0.2516438699031792,0.001639232194638407,-0.3061293738285274,-0.30418923575943013,0.0019401380690972636
合约溢价极端修复多头,基差反转,REJECTED,2025-12,0.15217480480186762,0.14487659399140213,-0.0072982108104655,-0.6096553775779896,-0.6235280503106178,-0.013872672732628155
合约溢价极端修复多头,基差反转,REJECTED,2026-01,0.1859922413821716,0.1847578480845779,-0.0012343932975937,-0.5519887437299222,-0.5541967118251367,-0.0022079680952145075
合约溢价极端修复多头,基差反转,REJECTED,2026-02,0.1587118215940259,0.14672532781330427,-0.011986493780721613,-0.6527001262950939,-0.6763816061369969,-0.023681479841903053
合约溢价极端修复多头,基差反转,REJECTED,2026-03,0.24530052672577962,0.24530070045118077,1.7372540114801716e-07,-0.31286503731319926,-0.31272175239988825,0.00014328491331100368
合约溢价极端修复多头,基差反转,REJECTED,2026-04,0.18742752598943765,0.17377505874301236,-0.013652467246425298,-0.5758328840882148,-0.6030149708701374,-0.027182086781922687
合约溢价极端修复多头,基差反转,REJECTED,2026-05,0.29033529342947695,0.27729910253569495,-0.013036190893781996,-0.28375774381281704,-0.30952236829979884,-0.025764624486981802
合约溢价极端修复空头,基差反转,REJECTED,2025-05,0.18300429738309784,0.1679949981874043,-0.015009299195693548,-0.49804561483241727,-0.5256616675476528,-0.027616052715235484
合约溢价极端修复空头,基差反转,REJECTED,2025-06,0.2787572390511721,0.26747963250158435,-0.01127760654958776,-0.37180435769640496,-0.3916083834354736,-0.019804025739068642
合约溢价极端修复空头,基差反转,REJECTED,2025-07,0.2400111973158496,0.21758247555558707,-0.022428721760262532,-0.5198966455218555,-0.5614891356444861,-0.041592490122630554
合约溢价极端修复空头,基差反转,REJECTED,2025-08,0.19994600193467402,0.19318349784444705,-0.006762504090226967,-0.4755871650024425,-0.4874724589913225,-0.011885293988879997
合约溢价极端修复空头,基差反转,REJECTED,2025-09,0.28124963393595603,0.2731130588222863,-0.00813657511366972,-0.3653469907134029,-0.38004426028999266,-0.014697269576589789
合约溢价极端修复空头,基差反转,REJECTED,2025-10,0.2328752067094936,0.24158964409014586,0.008714437380652251,-0.3840243408287654,-0.36893840470022915,0.01508593612853626
合约溢价极端修复空头,基差反转,REJECTED,2025-11,0.2625017756849519,0.26297361883860026,0.0004718431536483436,-0.41229531679137355,-0.4114450266765205,0.0008502901148530473
合约溢价极端修复空头,基差反转,REJECTED,2025-12,0.254238661341332,0.2513140052463106,-0.002924656095021405,-0.40230383889968263,-0.4072364999037312,-0.004932661004048544
合约溢价极端修复空头,基差反转,REJECTED,2026-01,0.2881511700237722,0.2737209299796047,-0.014430240044167542,-0.3155589154433031,-0.3422042336747606,-0.026645318231457493
合约溢价极端修复空头,基差反转,REJECTED,2026-02,0.2708374718591728,0.2722090494277157,0.0013715775685428921,-0.4006655570258803,-0.39812824621273857,0.0025373108131417355
合约溢价极端修复空头,基差反转,REJECTED,2026-03,0.28793954503695113,0.28143386957935573,-0.0065056754575953946,-0.2604740740085114,-0.27178641458678293,-0.011312340578271518
合约溢价极端修复空头,基差反转,REJECTED,2026-04,0.23082385522216362,0.23062431698600894,-0.00019953823615467825,-0.45627680512103574,-0.45658078634825,-0.00030398122721425613
合约溢价极端修复空头,基差反转,REJECTED,2026-05,0.20834318671482857,0.20894019722106094,0.0005970105062323705,-0.4372468850708244,-0.4361050057037965,0.0011418793670278649
欧美开盘区间突破多头,开盘突破,REJECTED,2025-05,0.3023269479620906,0.29912646364627754,-0.003200484315813046,-0.28495660222701386,-0.2940499708623516,-0.009093368635337717
欧美开盘区间突破多头,开盘突破,REJECTED,2025-06,0.2828577126002489,0.28168020410601313,-0.0011775084942357572,-0.2345146020990374,-0.2377719521491145,-0.0032573500500771013
欧美开盘区间突破多头,开盘突破,REJECTED,2025-07,0.29032536260990427,0.2932133274721433,0.002887964862239023,-0.3273149271855223,-0.32187126767568064,0.0054436595098416585
欧美开盘区间突破多头,开盘突破,REJECTED,2025-08,0.3571501701539343,0.40151519912815636,0.044365028974222065,-0.26000298733482347,-0.17509309341162604,0.08490989392319742
欧美开盘区间突破多头,开盘突破,REJECTED,2025-09,0.21877068155114715,0.22408694344881308,0.00531626189766593,-0.42239270474646146,-0.41370025379102937,0.008692450955432085
欧美开盘区间突破多头,开盘突破,REJECTED,2025-10,0.2143152182790238,0.17710805690846565,-0.037207161370558156,-0.5777017873789745,-0.6484509458384451,-0.0707491584594706
欧美开盘区间突破多头,开盘突破,REJECTED,2025-11,0.2777855843712625,0.2727449741482892,-0.005040610222973307,-0.3250986753141754,-0.33373449575009434,-0.008635820435918928
欧美开盘区间突破多头,开盘突破,REJECTED,2025-12,0.100029152278968,0.10002730114421829,-1.8511347497085495e-06,-0.8646851545713898,-0.8645188314303888,0.00016632314100106793
欧美开盘区间突破多头,开盘突破,REJECTED,2026-01,0.26768618361047236,0.27014859268814734,0.0024624090776749763,-0.37238438892842973,-0.37190314542818487,0.0004812435002448656
欧美开盘区间突破多头,开盘突破,REJECTED,2026-02,0.09455202771299678,0.09472130079886751,0.00016927308587072476,-0.870564520529759,-0.8703244005249748,0.00024012000478412787
欧美开盘区间突破多头,开盘突破,REJECTED,2026-03,0.1499915310091822,0.14206276696676587,-0.007928764042416325,-0.5461504787505524,-0.5600776187328966,-0.013927139982344183
欧美开盘区间突破多头,开盘突破,REJECTED,2026-04,0.25714403900187943,0.258554255030715,0.0014102160288355647,-0.4695107875413954,-0.46651919750322657,0.0029915900381688454
欧美开盘区间突破多头,开盘突破,REJECTED,2026-05,0.3026496770695073,0.305273549310796,0.002623872241288683,-0.22802564340933298,-0.22322135488014197,0.004804288529191014
欧美开盘区间突破空头,开盘突破,REJECTED,2025-05,0.21839941356158094,0.22072596197428387,0.002326548412702939,-0.4389083176905462,-0.4344890414477961,0.004419276242750125
欧美开盘区间突破空头,开盘突破,REJECTED,2025-06,0.16867473022810137,0.16820229176180151,-0.00047243846629985153,-0.6244077684228364,-0.6253900858213736,-0.000982317398537158
欧美开盘区间突破空头,开盘突破,REJECTED,2025-07,0.24001023917518363,0.23999453818152483,-1.570099365880151e-05,-0.42867857121944636,-0.4279815770164631,0.0006969942029832477
欧美开盘区间突破空头,开盘突破,REJECTED,2025-08,0.14285281904442515,0.16029643452103026,0.017443615476605112,-0.7340125385681201,-0.7016563449943115,0.03235619357380859
欧美开盘区间突破空头,开盘突破,REJECTED,2025-09,0.19109875716933153,0.16127145128867643,-0.029827305880655103,-0.4925038895558482,-0.5447213374672918,-0.052217447911443615
欧美开盘区间突破空头,开盘突破,REJECTED,2025-10,0.18751860216919863,0.1886671408015431,0.001148538632344459,-0.47340931923254137,-0.47142411364926656,0.0019852055832748072
欧美开盘区间突破空头,开盘突破,REJECTED,2025-11,0.2104865866617868,0.21088142121312545,0.000394834551338652,-0.4498974075970647,-0.45015288263234604,-0.0002554750352813384
欧美开盘区间突破空头,开盘突破,REJECTED,2025-12,0.30610366551761964,0.3018310299583352,-0.004272635559284421,-0.27521372664748467,-0.28352332579072703,-0.008309599143242363
欧美开盘区间突破空头,开盘突破,REJECTED,2026-01,0.2658235325905416,0.2644007749235739,-0.0014227576669677,-0.41146726516831833,-0.414125320669532,-0.002658055501213674
欧美开盘区间突破空头,开盘突破,REJECTED,2026-02,0.2058401881732969,0.2161978871133255,0.010357698940028581,-0.5472108050352159,-0.5292793264505674,0.017931478584648497
欧美开盘区间突破空头,开盘突破,REJECTED,2026-03,0.24048857824033548,0.24510678796823973,0.004618209727904249,-0.32145562063270927,-0.3133963128429644,0.008059307789744896
欧美开盘区间突破空头,开盘突破,REJECTED,2026-04,0.3000071152760079,0.2801194462732192,-0.019887669002788655,-0.30747953982328224,-0.34544377563635953,-0.037964235813077285
欧美开盘区间突破空头,开盘突破,REJECTED,2026-05,0.23190836494749953,0.24663556289548144,0.014727197947981913,-0.523130587784071,-0.495348921518985,0.027781666265085936
BTC强于ETH且溢价回落空头,跨资产衍生品,REJECTED,2025-05,0.0,0.0,0.0,0.0,0.0,0.0
BTC强于ETH且溢价回落空头,跨资产衍生品,REJECTED,2025-06,0.0,0.0,0.0,0.0,0.0,0.0
BTC强于ETH且溢价回落空头,跨资产衍生品,REJECTED,2025-07,0.0,0.0,0.0,0.0,0.0,0.0
BTC强于ETH且溢价回落空头,跨资产衍生品,REJECTED,2025-08,0.0,0.0,0.0,0.0,0.0,0.0
BTC强于ETH且溢价回落空头,跨资产衍生品,REJECTED,2025-09,0.0,0.0,0.0,0.0,0.0,0.0
BTC强于ETH且溢价回落空头,跨资产衍生品,REJECTED,2025-10,0.0,0.0,0.0,0.0,0.0,0.0
BTC强于ETH且溢价回落空头,跨资产衍生品,REJECTED,2025-11,0.0,0.0,0.0,0.0,0.0,0.0
BTC强于ETH且溢价回落空头,跨资产衍生品,REJECTED,2025-12,0.0,0.0,0.0,0.0,0.0,0.0
BTC强于ETH且溢价回落空头,跨资产衍生品,REJECTED,2026-01,0.0,0.0,0.0,0.0,0.0,0.0
BTC强于ETH且溢价回落空头,跨资产衍生品,REJECTED,2026-02,0.0,0.0,0.0,0.0,0.0,0.0
BTC强于ETH且溢价回落空头,跨资产衍生品,REJECTED,2026-03,0.0,0.0,0.0,0.0,0.0,0.0
BTC强于ETH且溢价回落空头,跨资产衍生品,REJECTED,2026-04,0.0,0.0,0.0,0.0,0.0,0.0
BTC强于ETH且溢价回落空头,跨资产衍生品,REJECTED,2026-05,0.0,0.0,0.0,0.0,0.0,0.0
BTC强于ETH且主动卖盘空头,跨资产订单流,REJECTED,2025-05,0.18968225714937256,0.19913836980626543,0.009456112656892862,-0.5916557180532103,-0.5708067255590907,0.020848992494119534
BTC强于ETH且主动卖盘空头,跨资产订单流,REJECTED,2025-06,0.1388784049619947,0.13931725423977795,0.00043884927778325977,-0.7114142950135575,-0.7117573918118607,-0.000343096798303244
BTC强于ETH且主动卖盘空头,跨资产订单流,REJECTED,2025-07,0.2750008190230284,0.2737658316032134,-0.0012349874198150368,-0.2511201457267315,-0.25499797215994974,-0.003877826433218212
BTC强于ETH且主动卖盘空头,跨资产订单流,REJECTED,2025-08,0.0,0.0,0.0,0.0,0.0,0.0
BTC强于ETH且主动卖盘空头,跨资产订单流,REJECTED,2025-09,0.20007750117082704,0.19961733068115328,-0.00046017048967375573,-0.7116330061018363,-0.7131775665386183,-0.001544560436781972
BTC强于ETH且主动卖盘空头,跨资产订单流,REJECTED,2025-10,0.08001160582654228,0.08413285895007594,0.004121253123533661,-0.6101439547110764,-0.6028581312408147,0.007285823470261743
BTC强于ETH且主动卖盘空头,跨资产订单流,REJECTED,2025-11,0.2894750698716064,0.2892995311120885,-0.00017553875951792364,-0.33113561278557574,-0.33230825946342596,-0.0011726466778502198
BTC强于ETH且主动卖盘空头,跨资产订单流,REJECTED,2025-12,0.31819154220694146,0.3189521919493558,0.0007606497424143543,-0.12933237408074802,-0.12910041802206995,0.0002319560586780678
BTC强于ETH且主动卖盘空头,跨资产订单流,REJECTED,2026-01,0.2727212631627429,0.2713321702112701,-0.0013890929514728256,-0.44846869235393694,-0.45175792030092043,-0.0032892279469834973
BTC强于ETH且主动卖盘空头,跨资产订单流,REJECTED,2026-02,0.14286040971628816,0.13488164771904004,-0.007978761997248118,-0.6343263631785553,-0.6499117447078175,-0.015585381529262254
BTC强于ETH且主动卖盘空头,跨资产订单流,REJECTED,2026-03,0.31110699562926986,0.3090791318673972,-0.002027863761872639,-0.13666948142225288,-0.14069659355284786,-0.004027112130594979
BTC强于ETH且主动卖盘空头,跨资产订单流,REJECTED,2026-04,0.4285740613175791,0.4120297517106601,-0.016544309606918994,0.04387931639156995,0.008789907558044622,-0.03508940883352533
BTC强于ETH且主动卖盘空头,跨资产订单流,REJECTED,2026-05,0.3225755484990697,0.3307426424353015,0.008167093936231773,-0.2391856207418628,-0.22228443244405682,0.016901188297805986
BTC强于ETH欧美盘修复空头,跨资产时段,REJECTED,2025-05,0.3125003457300811,0.0,-0.3125003457300811,-0.18958854939793596,0.0,0.18958854939793596
BTC强于ETH欧美盘修复空头,跨资产时段,REJECTED,2025-06,0.0,0.0,0.0,0.0,0.0,0.0
BTC强于ETH欧美盘修复空头,跨资产时段,REJECTED,2025-07,0.0,0.0,0.0,0.0,0.0,0.0
BTC强于ETH欧美盘修复空头,跨资产时段,REJECTED,2025-08,0.0,0.0,0.0,0.0,0.0,0.0
BTC强于ETH欧美盘修复空头,跨资产时段,REJECTED,2025-09,0.0,0.0,0.0,0.0,0.0,0.0
BTC强于ETH欧美盘修复空头,跨资产时段,REJECTED,2025-10,0.0,0.0,0.0,0.0,0.0,0.0
BTC强于ETH欧美盘修复空头,跨资产时段,REJECTED,2025-11,0.26315539013303857,0.27740206172825915,0.014246671595220584,-0.5990526021305729,-0.5686490510697816,0.03040355106079129
BTC强于ETH欧美盘修复空头,跨资产时段,REJECTED,2025-12,0.47365539033846177,0.48465530532681356,0.010999914988351789,0.4333528020209616,0.452823293039218,0.019470491018256375
BTC强于ETH欧美盘修复空头,跨资产时段,REJECTED,2026-01,0.1538535472651786,0.0,-0.1538535472651786,-0.9068771218615923,0.0,0.9068771218615923
BTC强于ETH欧美盘修复空头,跨资产时段,REJECTED,2026-02,0.0,0.0,0.0,0.0,0.0,0.0
BTC强于ETH欧美盘修复空头,跨资产时段,REJECTED,2026-03,0.20004945478511343,0.201353976498228,0.0013045217131145703,-0.5108836960987577,-0.508087749572625,0.0027959465261326866
BTC强于ETH欧美盘修复空头,跨资产时段,REJECTED,2026-04,0.31250061692567593,0.0,-0.31250061692567593,-0.22804586218062436,0.0,0.22804586218062436
BTC强于ETH欧美盘修复空头,跨资产时段,REJECTED,2026-05,0.0,0.0,0.0,0.0,0.0,0.0
ETH先跌BTC滞后补跌空头,跨资产领先滞后,REJECTED,2025-05,0.2379752919398066,0.2450315578783671,0.007056265938560513,-0.3223512484988936,-0.30782465634649414,0.014526592152399487
ETH先跌BTC滞后补跌空头,跨资产领先滞后,REJECTED,2025-06,0.2604068491168267,0.26038359338172634,-2.3255735100369268e-05,-0.27366551602594663,-0.2757080617873717,-0.0020425457614250964
ETH先跌BTC滞后补跌空头,跨资产领先滞后,REJECTED,2025-07,0.21931420712431463,0.21759527784715957,-0.0017189292771550568,-0.3786448076388112,-0.3786602210398351,-1.541340102390043e-05
ETH先跌BTC滞后补跌空头,跨资产领先滞后,REJECTED,2025-08,0.20997841974618928,0.21173073893493868,0.0017523191887494072,-0.38889078329972065,-0.38380748486245453,0.005083298437266126
ETH先跌BTC滞后补跌空头,跨资产领先滞后,REJECTED,2025-09,0.23830758312858571,0.23731486353572734,-0.0009927195928583765,-0.32502329056432694,-0.3252605021936684,-0.00023721162934148277
ETH先跌BTC滞后补跌空头,跨资产领先滞后,REJECTED,2025-10,0.2505635083875843,0.24485835060946057,-0.005705157778123721,-0.34021256010070094,-0.3522979819447293,-0.012085421844028332
ETH先跌BTC滞后补跌空头,跨资产领先滞后,REJECTED,2025-11,0.279182285102819,0.2811022989379648,0.001920013835145784,-0.25094575870354374,-0.24552471760094893,0.005421041102594809
ETH先跌BTC滞后补跌空头,跨资产领先滞后,REJECTED,2025-12,0.26829470978930475,0.2680862360589077,-0.00020847373039706296,-0.18813921829809868,-0.19594493357204348,-0.007805715273944802
ETH先跌BTC滞后补跌空头,跨资产领先滞后,REJECTED,2026-01,0.2622349982776274,0.2602511701331504,-0.0019838281444770067,-0.250056269803833,-0.26052450901919294,-0.010468239215359942
ETH先跌BTC滞后补跌空头,跨资产领先滞后,REJECTED,2026-02,0.24090607401465222,0.24014075471294602,-0.0007653193017062021,-0.33876941536912897,-0.33877489041425096,-5.47504512199426e-06
ETH先跌BTC滞后补跌空头,跨资产领先滞后,REJECTED,2026-03,0.3029170500470259,0.30317709377842605,0.00026004373140015025,-0.1700669392933881,-0.18398557490914755,-0.013918635615759456
ETH先跌BTC滞后补跌空头,跨资产领先滞后,REJECTED,2026-04,0.22828333699938422,0.23063457201412102,0.002351235014736802,-0.31289834103354147,-0.308987469563082,0.003910871470459487
ETH先跌BTC滞后补跌空头,跨资产领先滞后,REJECTED,2026-05,0.2731989657140272,0.27575423957548234,0.002555273861455154,-0.305518601561024,-0.3033760040345876,0.0021425975264364183
BTC弱于ETH且溢价回升多头,跨资产衍生品,REJECTED,2025-05,0.0,0.0,0.0,0.0,0.0,0.0
BTC弱于ETH且溢价回升多头,跨资产衍生品,REJECTED,2025-06,0.0,0.0,0.0,0.0,0.0,0.0
BTC弱于ETH且溢价回升多头,跨资产衍生品,REJECTED,2025-07,0.0,0.0,0.0,0.0,0.0,0.0
BTC弱于ETH且溢价回升多头,跨资产衍生品,REJECTED,2025-08,0.0,0.0,0.0,0.0,0.0,0.0
BTC弱于ETH且溢价回升多头,跨资产衍生品,REJECTED,2025-09,0.0,0.0,0.0,0.0,0.0,0.0
BTC弱于ETH且溢价回升多头,跨资产衍生品,REJECTED,2025-10,0.0,0.0,0.0,0.0,0.0,0.0
BTC弱于ETH且溢价回升多头,跨资产衍生品,REJECTED,2025-11,0.0,0.0,0.0,0.0,0.0,0.0
BTC弱于ETH且溢价回升多头,跨资产衍生品,REJECTED,2025-12,0.0,0.0,0.0,0.0,0.0,0.0
BTC弱于ETH且溢价回升多头,跨资产衍生品,REJECTED,2026-01,0.0,0.0,0.0,0.0,0.0,0.0
BTC弱于ETH且溢价回升多头,跨资产衍生品,REJECTED,2026-02,0.0,0.0,0.0,0.0,0.0,0.0
BTC弱于ETH且溢价回升多头,跨资产衍生品,REJECTED,2026-03,0.0,0.0,0.0,0.0,0.0,0.0
BTC弱于ETH且溢价回升多头,跨资产衍生品,REJECTED,2026-04,0.0,0.0,0.0,0.0,0.0,0.0
BTC弱于ETH且溢价回升多头,跨资产衍生品,REJECTED,2026-05,0.0,0.0,0.0,0.0,0.0,0.0
ETH先涨BTC滞后补涨多头,跨资产领先滞后,REJECTED,2025-05,0.25523272200963315,0.2574149965638539,0.0021822745542207644,-0.26946754649477056,-0.2662074738559755,0.003260072638795075
ETH先涨BTC滞后补涨多头,跨资产领先滞后,REJECTED,2025-06,0.23643289362287292,0.23727767263986022,0.0008447790169872904,-0.38202928892243093,-0.3826032707351849,-0.0005739818127539764
ETH先涨BTC滞后补涨多头,跨资产领先滞后,REJECTED,2025-07,0.22130175401474966,0.2197140819040339,-0.0015876721107157543,-0.364581092003866,-0.37899678218133054,-0.014415690177464524
ETH先涨BTC滞后补涨多头,跨资产领先滞后,REJECTED,2025-08,0.29411925045972814,0.2932140152880264,-0.0009052351717017681,-0.25165097952355864,-0.261152144081713,-0.009501164558154362
ETH先涨BTC滞后补涨多头,跨资产领先滞后,REJECTED,2025-09,0.18658966149466574,0.18763085184262573,0.0010411903479599915,-0.5056292605242142,-0.5036798797466664,0.0019493807775478045
ETH先涨BTC滞后补涨多头,跨资产领先滞后,REJECTED,2025-10,0.1807289567275931,0.17918584653625233,-0.001543110191340763,-0.5079246966140353,-0.5111686297673913,-0.0032439331533560267
ETH先涨BTC滞后补涨多头,跨资产领先滞后,REJECTED,2025-11,0.25101269755678834,0.25027045373838436,-0.000742243818403987,-0.3122599579751674,-0.3150897744602601,-0.0028298164850926733
ETH先涨BTC滞后补涨多头,跨资产领先滞后,REJECTED,2025-12,0.20583214250164875,0.20462000747133474,-0.0012121350303140044,-0.4013023739194853,-0.39984356824186357,0.001458805677621744
ETH先涨BTC滞后补涨多头,跨资产领先滞后,REJECTED,2026-01,0.2041249938067494,0.2041899117871776,6.491798042820851e-05,-0.45331401605806027,-0.45296667925868117,0.00034733679937909434
ETH先涨BTC滞后补涨多头,跨资产领先滞后,REJECTED,2026-02,0.19700853855798214,0.19986338070949805,0.0028548421515159073,-0.44838826869330445,-0.44221242739608024,0.006175841297224205
ETH先涨BTC滞后补涨多头,跨资产领先滞后,REJECTED,2026-03,0.2299040677075528,0.22969645008564504,-0.00020761762190776856,-0.3258601890290894,-0.32578026068610655,7.992834298287121e-05
ETH先涨BTC滞后补涨多头,跨资产领先滞后,REJECTED,2026-04,0.24276696211110366,0.24463407954008212,0.0018671174289784653,-0.3415610651673824,-0.33834569000513254,0.003215375162249845
ETH先涨BTC滞后补涨多头,跨资产领先滞后,REJECTED,2026-05,0.2869994872971836,0.28472291281732753,-0.002276574479856075,-0.22043615751963783,-0.2233226080534251,-0.002886450533787277
跨资产背离后VWAP失守空头,跨资产VWAP,REJECTED,2025-05,0.0,0.0,0.0,0.0,0.0,0.0
跨资产背离后VWAP失守空头,跨资产VWAP,REJECTED,2025-06,0.0,0.0,0.0,0.0,0.0,0.0
跨资产背离后VWAP失守空头,跨资产VWAP,REJECTED,2025-07,0.0,0.0,0.0,0.0,0.0,0.0
跨资产背离后VWAP失守空头,跨资产VWAP,REJECTED,2025-08,0.0,0.0,0.0,0.0,0.0,0.0
跨资产背离后VWAP失守空头,跨资产VWAP,REJECTED,2025-09,0.0,0.0,0.0,0.0,0.0,0.0
跨资产背离后VWAP失守空头,跨资产VWAP,REJECTED,2025-10,0.0,0.0,0.0,0.0,0.0,0.0
跨资产背离后VWAP失守空头,跨资产VWAP,REJECTED,2025-11,0.0,0.0,0.0,0.0,0.0,0.0
跨资产背离后VWAP失守空头,跨资产VWAP,REJECTED,2025-12,0.0,0.0,0.0,0.0,0.0,0.0
跨资产背离后VWAP失守空头,跨资产VWAP,REJECTED,2026-01,0.0,0.0,0.0,0.0,0.0,0.0
跨资产背离后VWAP失守空头,跨资产VWAP,REJECTED,2026-02,0.0,0.0,0.0,0.0,0.0,0.0
跨资产背离后VWAP失守空头,跨资产VWAP,REJECTED,2026-03,0.0,0.0,0.0,0.0,0.0,0.0
跨资产背离后VWAP失守空头,跨资产VWAP,REJECTED,2026-04,0.0,0.0,0.0,0.0,0.0,0.0
跨资产背离后VWAP失守空头,跨资产VWAP,REJECTED,2026-05,0.0,0.0,0.0,0.0,0.0,0.0
跨资产背离后VWAP收回多头,跨资产VWAP,REJECTED,2025-05,0.0,0.0,0.0,0.0,0.0,0.0
跨资产背离后VWAP收回多头,跨资产VWAP,REJECTED,2025-06,0.0,0.0,0.0,0.0,0.0,0.0
跨资产背离后VWAP收回多头,跨资产VWAP,REJECTED,2025-07,0.0,0.0,0.0,0.0,0.0,0.0
跨资产背离后VWAP收回多头,跨资产VWAP,REJECTED,2025-08,0.0,0.0,0.0,0.0,0.0,0.0
跨资产背离后VWAP收回多头,跨资产VWAP,REJECTED,2025-09,0.0,0.0,0.0,0.0,0.0,0.0
跨资产背离后VWAP收回多头,跨资产VWAP,REJECTED,2025-10,0.0,0.0,0.0,0.0,0.0,0.0
跨资产背离后VWAP收回多头,跨资产VWAP,REJECTED,2025-11,0.0,0.0,0.0,0.0,0.0,0.0
跨资产背离后VWAP收回多头,跨资产VWAP,REJECTED,2025-12,0.0,0.0,0.0,0.0,0.0,0.0
跨资产背离后VWAP收回多头,跨资产VWAP,REJECTED,2026-01,0.0,0.0,0.0,0.0,0.0,0.0
跨资产背离后VWAP收回多头,跨资产VWAP,REJECTED,2026-02,0.0,0.0,0.0,0.0,0.0,0.0
跨资产背离后VWAP收回多头,跨资产VWAP,REJECTED,2026-03,0.0,0.0,0.0,0.0,0.0,0.0
跨资产背离后VWAP收回多头,跨资产VWAP,REJECTED,2026-04,0.0,0.0,0.0,0.0,0.0,0.0
跨资产背离后VWAP收回多头,跨资产VWAP,REJECTED,2026-05,0.0,0.0,0.0,0.0,0.0,0.0
趋势回踩重新站稳多头,趋势回踩,CANDIDATE,2026-06,0.45726070805333197,0.4395390662122487,-0.01772164184108327,0.19608872261347918,0.15858740872904714,-0.037501313884432036
趋势反抽失败空头,趋势回踩,CANDIDATE,2026-06,0.26757063521818925,0.2650185256336625,-0.0025521095845267294,-0.25808846021869253,-0.2634613487808424,-0.005372888562149847
BTC强于ETH背离修复空头,跨资产背离,CANDIDATE,2026-06,0.0,0.0,0.0,0.0,0.0,0.0
