expert_id,expert,policy_key,rating_engine,feature_frame,found_in_v961_reference,expert_found_in_rating_engine,policy_found_in_rating_engine,feature_frame_column_found,required_mask_column,raw_candidates,selected_trades,signal_fingerprint
0,趋势回踩重新站稳多头,e024946a7a7bbea6,V9.6.1_REFERENCE,V9.6.1_REFERENCE_FEATURES,True,True,True,True,sparse_trend_reclaim_long,3687,12,deee54fbeb701b8ad8b65816e53471f192c0b711d2902899ab094688d88870c5
1,趋势反抽失败空头,da51c7f197a1b096,V9.6.1_REFERENCE,V9.6.1_REFERENCE_FEATURES,True,True,True,True,sparse_trend_reject_short,3948,6,9fea8bc4bd4ad604f8315bed0a371afcb1d4ada02e7ae856156d023107a10682
2,EMA21回踩收回多头,57c6d8ed313f7b81,V9.6.1_REFERENCE,V9.6.1_REFERENCE_FEATURES,True,True,True,True,sparse_ema21_reclaim_long,16,0,4f53cda18c2baa0c0354bb5f9a3ecbe5ed12ab4d8e11ba873c2f11161202b945
3,EMA21反抽受阻空头,4916a4f4be16d2e4,V9.6.1_REFERENCE,V9.6.1_REFERENCE_FEATURES,True,True,True,True,sparse_ema21_reject_short,21,0,4f53cda18c2baa0c0354bb5f9a3ecbe5ed12ab4d8e11ba873c2f11161202b945
4,VWAP重新站回多头,acb95ebbfdc22945,V9.6.1_REFERENCE,V9.6.1_REFERENCE_FEATURES,True,True,True,True,sparse_vwap_reclaim_long,1508,3,c7ae6aab6475891a2eadcec06c37f9fa5d30c1b5e0d80a9a8d70d303b7b51ee7
5,VWAP反抽失败空头,eac17b2dead99d38,V9.6.1_REFERENCE,V9.6.1_REFERENCE_FEATURES,True,True,True,True,sparse_vwap_reject_short,1519,3,ae8bd1eba77c93f372bf9b7f32e1cd13895a2e91efb410b93b963b5b8f03ecf8
6,阻力转支撑确认多头,39f3e3b0e2915467,V9.6.1_REFERENCE,V9.6.1_REFERENCE_FEATURES,True,True,True,True,sparse_sr_flip_long,2540,0,4f53cda18c2baa0c0354bb5f9a3ecbe5ed12ab4d8e11ba873c2f11161202b945
7,支撑转阻力确认空头,7dd21da10b8889b6,V9.6.1_REFERENCE,V9.6.1_REFERENCE_FEATURES,True,True,True,True,sparse_sr_flip_short,2744,3,ea1177344f7b7e8588af85e203b4c56d19d7f5720b6a3e8c071c0977c5906921
8,缩量回踩恢复多头,612581c35b84da3c,V9.6.1_REFERENCE,V9.6.1_REFERENCE_FEATURES,True,True,True,True,sparse_contract_pullback_long,5,0,4f53cda18c2baa0c0354bb5f9a3ecbe5ed12ab4d8e11ba873c2f11161202b945
9,缩量反抽恢复空头,b55421f3522a3f16,V9.6.1_REFERENCE,V9.6.1_REFERENCE_FEATURES,True,True,True,True,sparse_contract_pullback_short,8,0,4f53cda18c2baa0c0354bb5f9a3ecbe5ed12ab4d8e11ba873c2f11161202b945
10,欧美时段顺势延续多头,792c97e8b4c0b8eb,V9.6.1_REFERENCE,V9.6.1_REFERENCE_FEATURES,True,True,True,True,sparse_session_continue_long,2590,12,b324fb3249ce1a83b223dd09432fbacf31df890fe6838f73a4c078d8a535b883
11,欧美时段顺势延续空头,1de21fc96eaf5c68,V9.6.1_REFERENCE,V9.6.1_REFERENCE_FEATURES,True,True,True,True,sparse_session_continue_short,2868,9,292833ef240c2e1987a4e70fee684d7f246c7f69da8b3ec2127d9db51add150b
12,区间扫低立即收回多头,52f3fa47b619e482,V9.6.1_REFERENCE,V9.6.1_REFERENCE_FEATURES,True,True,True,True,sparse_sweep_immediate_long,672,9,bf562e500495286db81ad90ff0a825df3db9cf9026037c611932782c2841a744
13,区间扫高立即跌回空头,77df21d40787c7a0,V9.6.1_REFERENCE,V9.6.1_REFERENCE_FEATURES,True,True,True,True,sparse_sweep_immediate_short,684,5,f7f3978ea318e7d7f65254bfd93a25dc396889841d058d93e6c0ef7f4c17d635
14,扫低后确认K多头,2a8da9b9f57c9899,V9.6.1_REFERENCE,V9.6.1_REFERENCE_FEATURES,True,True,True,True,sparse_sweep_confirm_long,1547,7,b124e519ec4c0c94f7e61ee74598195bdf0e842828202b76b02ce66a1890b5ff
15,扫高后确认K空头,2605712f51fd787a,V9.6.1_REFERENCE,V9.6.1_REFERENCE_FEATURES,True,True,True,True,sparse_sweep_confirm_short,1484,0,4f53cda18c2baa0c0354bb5f9a3ecbe5ed12ab4d8e11ba873c2f11161202b945
16,区间二次测试不破多头,5911315f52956132,V9.6.1_REFERENCE,V9.6.1_REFERENCE_FEATURES,True,True,True,True,sparse_second_test_long,232,3,a3b7b97850ba6afe7f26150f5afd7815daefac53514110611816fdda7544f5ec
17,区间二次测试不破空头,add1fc0880238799,V9.6.1_REFERENCE,V9.6.1_REFERENCE_FEATURES,True,True,True,True,sparse_second_test_short,1565,7,728fd561ca63a3828c90acb270516c618203a5af700f381b59644bdd8862bbd8
18,扫低后站回VWAP多头,8faa2dfdd58009bb,V9.6.1_REFERENCE,V9.6.1_REFERENCE_FEATURES,True,True,True,True,sparse_sweep_vwap_long,74,0,4f53cda18c2baa0c0354bb5f9a3ecbe5ed12ab4d8e11ba873c2f11161202b945
19,扫高后跌破VWAP空头,98c02f47708ca242,V9.6.1_REFERENCE,V9.6.1_REFERENCE_FEATURES,True,True,True,True,sparse_sweep_vwap_short,80,0,4f53cda18c2baa0c0354bb5f9a3ecbe5ed12ab4d8e11ba873c2f11161202b945
20,BTC弱于ETH背离修复多头,afac444025613291,V9.6.1_REFERENCE,V9.6.1_REFERENCE_FEATURES,True,True,True,True,sparse_eth_divergence_long,289,0,4f53cda18c2baa0c0354bb5f9a3ecbe5ed12ab4d8e11ba873c2f11161202b945
21,BTC强于ETH背离修复空头,fca571982b7c88a0,V9.6.1_REFERENCE,V9.6.1_REFERENCE_FEATURES,True,True,True,True,sparse_eth_divergence_short,309,10,9220c4e1effecd565f24e43cdda7f2b7d74b7ec89b91ef64863143d91137a20d
22,压缩后首次放量突破多头,637dd7099e42148f,V9.6.1_REFERENCE,V9.6.1_REFERENCE_FEATURES,True,True,True,True,sparse_squeeze_break_long,1830,3,a7113f17c55607d54d7dd78fba9b1479a47b3c88aeac014500452ad172aac198
23,压缩后首次放量突破空头,59bcc3e64f2c7f94,V9.6.1_REFERENCE,V9.6.1_REFERENCE_FEATURES,True,True,True,True,sparse_squeeze_break_short,2065,5,8d2615b3a3fe4e1b7bf007f0bebdc9d0cae5c53787ed84938eb95e7d49ecdf13
24,向下假突破回区间多头,d5f361a753574b48,V9.6.1_REFERENCE,V9.6.1_REFERENCE_FEATURES,True,True,True,True,sparse_failed_break_long,4179,1,c3601ef64c3883ad12aa5fad7701a26d7a0b85a83ce138308361cca94fc7196c
25,向上假突破回区间空头,5f2fe4ee3fec03dd,V9.6.1_REFERENCE,V9.6.1_REFERENCE_FEATURES,True,True,True,True,sparse_failed_break_short,4001,0,4f53cda18c2baa0c0354bb5f9a3ecbe5ed12ab4d8e11ba873c2f11161202b945
26,资金费率极端回归多头,fcc89570f6af5d59,V9.6.1_REFERENCE,V9.6.1_REFERENCE_FEATURES,True,True,True,True,sparse_funding_extreme_long,5901,0,4f53cda18c2baa0c0354bb5f9a3ecbe5ed12ab4d8e11ba873c2f11161202b945
27,资金费率极端回归空头,ab1a7bf6d11e9bd8,V9.6.1_REFERENCE,V9.6.1_REFERENCE_FEATURES,True,True,True,True,sparse_funding_extreme_short,5875,5,6d7675e4d5c14e6c8f8dc24029ccd49a133d5e479e28d32e70844a3cc60fc068
28,合约溢价极端修复多头,48c0a571f023845e,V9.6.1_REFERENCE,V9.6.1_REFERENCE_FEATURES,True,True,True,True,sparse_premium_extreme_long,647,1,a78b8dfba724e4f903816c27238274c2bdcf4f0216ba94442d30ff0dff0405eb
29,合约溢价极端修复空头,9cc0c5de692aa62f,V9.6.1_REFERENCE,V9.6.1_REFERENCE_FEATURES,True,True,True,True,sparse_premium_extreme_short,772,0,4f53cda18c2baa0c0354bb5f9a3ecbe5ed12ab4d8e11ba873c2f11161202b945
30,欧美开盘区间突破多头,f9b0b97528e653e7,V9.6.1_REFERENCE,V9.6.1_REFERENCE_FEATURES,True,True,True,True,sparse_opening_break_long,997,12,6977b364dba57804ef67a6ba6fb979e74c2ca47bd235fae88bf7e984b4469004
31,欧美开盘区间突破空头,8f89911d444a7852,V9.6.1_REFERENCE,V9.6.1_REFERENCE_FEATURES,True,True,True,True,sparse_opening_break_short,1149,0,4f53cda18c2baa0c0354bb5f9a3ecbe5ed12ab4d8e11ba873c2f11161202b945
32,BTC强于ETH且溢价回落空头,ad7bf81694ad15d4,V9.6.9_FROZEN_EXTENDED_ORIGINAL,V9.6.9_FROZEN_EXTENDED_FEATURES,False,True,True,True,sparse_cross_premium_revert_short,60,0,4f53cda18c2baa0c0354bb5f9a3ecbe5ed12ab4d8e11ba873c2f11161202b945
33,BTC强于ETH且主动卖盘空头,16e8ea0e0b751d8b,V9.6.9_FROZEN_EXTENDED_ORIGINAL,V9.6.9_FROZEN_EXTENDED_FEATURES,False,True,True,True,sparse_cross_taker_revert_short,425,13,758a7780bde18460eed9d24302a2b7961136584f1148492ab0c420f7d94b478d
34,BTC强于ETH欧美盘修复空头,d9d64c6080c7757b,V9.6.9_FROZEN_EXTENDED_ORIGINAL,V9.6.9_FROZEN_EXTENDED_FEATURES,False,True,True,True,sparse_cross_session_revert_short,162,4,4f55b8801ffdba88f90e094d9a2ba720471562d136d360421261e3224cc58310
35,ETH先跌BTC滞后补跌空头,1988519d498cd703,V9.6.9_FROZEN_EXTENDED_ORIGINAL,V9.6.9_FROZEN_EXTENDED_FEATURES,False,True,True,True,sparse_eth_lead_down_short,6154,2,832e1a0ea4ac692700871128ad77adb2cde594ff9d8c96038d6989384918b263
36,BTC弱于ETH且溢价回升多头,d9882e2d61ed9961,V9.6.9_FROZEN_EXTENDED_ORIGINAL,V9.6.9_FROZEN_EXTENDED_FEATURES,False,True,True,True,sparse_cross_premium_revert_long,36,0,4f53cda18c2baa0c0354bb5f9a3ecbe5ed12ab4d8e11ba873c2f11161202b945
37,ETH先涨BTC滞后补涨多头,6387acc3c2ec918d,V9.6.9_FROZEN_EXTENDED_ORIGINAL,V9.6.9_FROZEN_EXTENDED_FEATURES,False,True,True,True,sparse_eth_lead_up_long,6013,1,88ed9c15d9e6d35a94a419071986c4d28d906d7e5261bd4b005b87e7ba0ad731
38,跨资产背离后VWAP失守空头,47d7edd201629376,V9.6.9_FROZEN_EXTENDED_ORIGINAL,V9.6.9_FROZEN_EXTENDED_FEATURES,False,True,True,True,sparse_cross_vwap_fail_short,26,0,4f53cda18c2baa0c0354bb5f9a3ecbe5ed12ab4d8e11ba873c2f11161202b945
39,跨资产背离后VWAP收回多头,1d3bb2983569000d,V9.6.9_FROZEN_EXTENDED_ORIGINAL,V9.6.9_FROZEN_EXTENDED_FEATURES,False,True,True,True,sparse_cross_vwap_reclaim_long,46,0,4f53cda18c2baa0c0354bb5f9a3ecbe5ed12ab4d8e11ba873c2f11161202b945
