expert_id,expert,family,tier,selected_research,selected_qualified,candidate_shadow_only,policy_key,selection_status,selection_reason,mature_policy_available,mature_policy_protected,selected_cluster_robust,rejection_reason,trades,wins,win_rate,avg_win_R,avg_loss_R,avg_win_loss_ratio,profit_factor,net_R,max_drawdown_R,expectancy_R,shrunk_win_rate,wilson_lower,active_months,positive_months,worst_month_R,max_single_month_profit_share,max_trades_single_month,valid_blocks,positive_blocks,positive_expectancy_blocks,high_win_rate_blocks,max_single_trade_profit_share,best_trade_removed_net_R,best_two_trades_removed_net_R,loo_month_min_net_R,loo_month_positive_share,cluster_robust,core_policy_selection_tier,legacy_v963_tier,final_rating_source,rating_ignores_execution_budget
0,趋势回踩重新站稳多头,趋势回踩,REJECTED,False,False,False,e024946a7a7bbea6,NO_WATCH_OR_QUALIFIED_EXPERTS,evidence_first,False,False,True,盈利因子不足|累计净R不足|最差月份亏损过大,6,2,0.3333333333333333,1.7126013884271891,1.0107296966579198,1.6944207675801743,0.8472103837900872,-0.6177160097773011,2.757171635703015,-0.10295266829621685,0.42857142857142855,0.09676933255921684,2,1,-2.3301710651995275,1.0,5,1,0,0,0,0.5000427224355742,-2.330463731209453,-4.04291878663168,-2.3301710651995275,0.5,True,CANDIDATE,CANDIDATE,V9.6.7_NO_MONTHLY_BUDGET_ORIGINAL,True
1,趋势反抽失败空头,趋势回踩,REJECTED,False,False,False,da51c7f197a1b096,NO_WATCH_OR_QUALIFIED_EXPERTS,evidence_first,False,False,False,盈利因子不足|累计净R不足,6,1,0.16666666666666666,1.714741469113497,0.7259699668298634,2.3620005612647605,0.47240011225295214,-1.9151083650358196,3.443651733145793,-0.31918472750596993,0.35714285714285715,0.030052585871730285,2,0,-1.2870177022047267,0.0,5,1,0,0,0,1.0,-3.629849834149317,-3.443651733145793,-1.2870177022047267,0.0,False,CANDIDATE,CANDIDATE,V9.6.7_NO_MONTHLY_BUDGET_ORIGINAL,True
2,EMA21回踩收回多头,均线回踩,REJECTED,False,False,False,57c6d8ed313f7b81,NO_WATCH_OR_QUALIFIED_EXPERTS,evidence_first,False,False,False,总交易不足|活跃月份不足|盈利因子不足|实际盈亏比不足|累计净R不足,0,0,0.0,0.0,0.0,0.0,0.0,0.0,0.0,0.0,0.5,0.0,0,0,0.0,0.0,0,0,0,0,0,0.0,0.0,0.0,0.0,0.0,False,REJECTED,REJECTED,V9.6.7_NO_MONTHLY_BUDGET_ORIGINAL,True
3,EMA21反抽受阻空头,均线回踩,REJECTED,False,False,False,4916a4f4be16d2e4,NO_WATCH_OR_QUALIFIED_EXPERTS,evidence_first,False,False,False,总交易不足|活跃月份不足|盈利因子不足|实际盈亏比不足|累计净R不足,0,0,0.0,0.0,0.0,0.0,0.0,0.0,0.0,0.0,0.5,0.0,0,0,0.0,0.0,0,0,0,0,0,0.0,0.0,0.0,0.0,0.0,False,REJECTED,REJECTED,V9.6.7_NO_MONTHLY_BUDGET_ORIGINAL,True
4,VWAP重新站回多头,VWAP回归,REJECTED,False,False,False,acb95ebbfdc22945,NO_WATCH_OR_QUALIFIED_EXPERTS,evidence_first,False,False,False,活跃月份不足,3,1,0.3333333333333333,1.7126581552271538,0.1862924884014598,9.193382781684575,4.596691390842287,1.3400731784242343,0.3725849768029196,0.4466910594747448,0.45454545454545453,0.061490315276160515,1,1,0.0,1.0,3,1,1,1,0,1.0,-0.3725849768029196,-0.18630374702631888,0.0,0.0,False,REJECTED,REJECTED,V9.6.7_NO_MONTHLY_BUDGET_ORIGINAL,True
5,VWAP反抽失败空头,VWAP回归,REJECTED,False,False,False,eac17b2dead99d38,NO_WATCH_OR_QUALIFIED_EXPERTS,evidence_first,False,False,False,活跃月份不足|盈利因子不足|实际盈亏比不足|累计净R不足|最差月份亏损过大,3,0,0.0,0.0,0.9198874668559321,0.0,0.0,-2.7596624005677963,2.7596624005677963,-0.9198874668559321,0.36363636363636365,0.0,1,0,-2.7596624005677963,0.0,3,1,0,0,0,0.0,-2.5734753695520247,-1.2867426162505466,0.0,0.0,False,REJECTED,REJECTED,V9.6.7_NO_MONTHLY_BUDGET_ORIGINAL,True
6,阻力转支撑确认多头,结构角色转换,REJECTED,False,False,False,39f3e3b0e2915467,NO_WATCH_OR_QUALIFIED_EXPERTS,evidence_first,False,False,False,总交易不足|活跃月份不足|盈利因子不足|实际盈亏比不足|累计净R不足,0,0,0.0,0.0,0.0,0.0,0.0,0.0,0.0,0.0,0.5,0.0,0,0,0.0,0.0,0,0,0,0,0,0.0,0.0,0.0,0.0,0.0,False,REJECTED,REJECTED,V9.6.7_NO_MONTHLY_BUDGET_ORIGINAL,True
7,支撑转阻力确认空头,结构角色转换,REJECTED,False,False,False,7dd21da10b8889b6,NO_WATCH_OR_QUALIFIED_EXPERTS,evidence_first,False,False,False,活跃月份不足|盈利因子不足|实际盈亏比不足|累计净R不足|最差月份亏损过大,3,0,0.0,0.0,1.26137362228166,0.0,0.0,-3.78412086684498,3.78412086684498,-1.26137362228166,0.36363636363636365,0.0,1,0,-3.78412086684498,0.0,3,1,0,0,0,0.0,-2.57351882221661,-1.286771640723197,0.0,0.0,False,REJECTED,REJECTED,V9.6.7_NO_MONTHLY_BUDGET_ORIGINAL,True
8,缩量回踩恢复多头,量价回踩,REJECTED,False,False,False,612581c35b84da3c,NO_WATCH_OR_QUALIFIED_EXPERTS,evidence_first,False,False,False,总交易不足|活跃月份不足|盈利因子不足|实际盈亏比不足|累计净R不足,0,0,0.0,0.0,0.0,0.0,0.0,0.0,0.0,0.0,0.5,0.0,0,0,0.0,0.0,0,0,0,0,0,0.0,0.0,0.0,0.0,0.0,False,REJECTED,REJECTED,V9.6.7_NO_MONTHLY_BUDGET_ORIGINAL,True
9,缩量反抽恢复空头,量价回踩,REJECTED,False,False,False,b55421f3522a3f16,NO_WATCH_OR_QUALIFIED_EXPERTS,evidence_first,False,False,False,总交易不足|活跃月份不足|盈利因子不足|实际盈亏比不足|累计净R不足,0,0,0.0,0.0,0.0,0.0,0.0,0.0,0.0,0.0,0.5,0.0,0,0,0.0,0.0,0,0,0,0,0,0.0,0.0,0.0,0.0,0.0,False,REJECTED,REJECTED,V9.6.7_NO_MONTHLY_BUDGET_ORIGINAL,True
10,欧美时段顺势延续多头,时段延续,REJECTED,False,False,False,792c97e8b4c0b8eb,NO_WATCH_OR_QUALIFIED_EXPERTS,evidence_first,False,False,False,活跃月份不足|盈利因子不足|累计净R不足,6,2,0.3333333333333333,1.7493381554847112,1.0038807592707175,1.7425756389190497,0.8712878194595248,-0.5168467261134471,2.572104537519822,-0.08614112101890785,0.42857142857142855,0.09676933255921684,1,0,-0.5168467261134471,0.0,6,1,0,0,0,0.5105388025708233,-2.3030567404986813,-4.015523037082869,0.0,0.0,False,REJECTED,REJECTED,V9.6.7_NO_MONTHLY_BUDGET_ORIGINAL,True
11,欧美时段顺势延续空头,时段延续,REJECTED,False,False,False,1de21fc96eaf5c68,NO_WATCH_OR_QUALIFIED_EXPERTS,evidence_first,False,False,False,盈利因子不足|累计净R不足,9,3,0.3333333333333333,1.7146748587147498,1.0981274729418182,1.5614533840240221,0.7807266920120111,-1.444740261506661,3.8287083126443413,-0.16052669572296233,0.4117647058823529,0.12058159868274292,2,0,-1.2869456596998758,0.0,8,1,0,0,0,0.3333421735928505,-3.159460594733627,-4.8741473166144385,-1.2869456596998758,0.0,False,REJECTED,REJECTED,V9.6.7_NO_MONTHLY_BUDGET_ORIGINAL,True
12,区间扫低立即收回多头,流动性反转,REJECTED,False,False,False,52f3fa47b619e482,NO_WATCH_OR_QUALIFIED_EXPERTS,evidence_first,False,False,True,活跃月份不足|盈利因子不足|累计净R不足|最差月份亏损过大,9,1,0.1111111111111111,1.6952141234818747,0.8910096580213496,1.9025765974820168,0.2378220746852521,-5.432863140688922,6.720400710062005,-0.6036514600765469,0.29411764705882354,0.019890371327130518,1,0,-5.432863140688922,0.0,9,0,0,0,0,1.0,-7.128077264170797,-6.924240518912742,0.0,0.0,True,REJECTED,REJECTED,V9.6.7_NO_MONTHLY_BUDGET_ORIGINAL,True
13,区间扫高立即跌回空头,流动性反转,CANDIDATE,False,False,True,77df21d40787c7a0,NO_WATCH_OR_QUALIFIED_EXPERTS,evidence_first,False,False,False,总交易不足|活跃月份不足|有效三个月验证块不足|正期望验证块不足|高胜率验证块不足|收缩后胜率不足|95%胜率可信下界不足|删除最佳交易后不再盈利|逐月删除稳定性不足|利润过度依赖单笔|利润过度依赖单月|参数簇不稳健,5,1,0.2,1.6971219202291914,0.20386347003926253,8.32479659010189,2.0811991475254725,0.8816680400721415,0.6115617022394493,0.1763336080144283,0.38461538461538464,0.036223160969787456,2,1,-0.20389217791760067,1.0,4,1,1,1,0,1.0,-0.8154538801570501,-0.611609351961089,-0.20389217791760067,0.5,False,REJECTED,REJECTED,V9.6.7_NO_MONTHLY_BUDGET_ORIGINAL,True
14,扫低后确认K多头,流动性确认,REJECTED,False,False,False,2a8da9b9f57c9899,NO_WATCH_OR_QUALIFIED_EXPERTS,evidence_first,False,False,False,活跃月份不足|盈利因子不足,7,2,0.2857142857142857,1.695180875533287,0.6436397978565482,2.6337415448494403,1.0534966179397762,0.17216276178383239,1.9149259267103411,0.024594680254833197,0.4,0.08221716570901548,1,1,0.0,1.0,7,0,0,0,0,0.5000107294355185,-1.5230544904172467,-3.218198989282741,0.0,0.0,False,REJECTED,REJECTED,V9.6.7_NO_MONTHLY_BUDGET_ORIGINAL,True
15,扫高后确认K空头,流动性确认,REJECTED,False,False,False,2605712f51fd787a,NO_WATCH_OR_QUALIFIED_EXPERTS,evidence_first,False,False,False,总交易不足|活跃月份不足|盈利因子不足|实际盈亏比不足|累计净R不足,0,0,0.0,0.0,0.0,0.0,0.0,0.0,0.0,0.0,0.5,0.0,0,0,0.0,0.0,0,0,0,0,0,0.0,0.0,0.0,0.0,0.0,False,REJECTED,REJECTED,V9.6.7_NO_MONTHLY_BUDGET_ORIGINAL,True
16,区间二次测试不破多头,二次测试,REJECTED,False,False,False,5911315f52956132,NO_WATCH_OR_QUALIFIED_EXPERTS,evidence_first,False,False,False,活跃月份不足|盈利因子不足,3,1,0.3333333333333333,1.6953878014577437,0.7534230715560302,2.2502467278527747,1.1251233639263873,0.18854165834568337,1.5068461431120603,0.06284721944856113,0.45454545454545453,0.061490315276160515,1,1,0.0,1.0,3,1,1,1,0,1.0,-1.5068461431120603,-1.3031404327934821,0.0,0.0,False,REJECTED,REJECTED,V9.6.7_NO_MONTHLY_BUDGET_ORIGINAL,True
17,区间二次测试不破空头,二次测试,REJECTED,False,False,False,add1fc0880238799,NO_WATCH_OR_QUALIFIED_EXPERTS,evidence_first,False,False,False,盈利因子不足|累计净R不足,7,1,0.14285714285714285,1.6971255873033468,0.5524217534863003,3.0721556068219433,0.5120259344703239,-1.6174049336144551,1.8063230577248635,-0.23105784765920787,0.3333333333333333,0.02567895594897479,2,0,-1.3043699315826711,0.0,6,1,0,0,0,1.0,-3.3145305209178018,-3.1765104033017453,-1.3043699315826711,0.0,False,REJECTED,REJECTED,V9.6.7_NO_MONTHLY_BUDGET_ORIGINAL,True
18,扫低后站回VWAP多头,流动性VWAP,REJECTED,False,False,False,8faa2dfdd58009bb,NO_WATCH_OR_QUALIFIED_EXPERTS,evidence_first,False,False,False,总交易不足|活跃月份不足|盈利因子不足|实际盈亏比不足|累计净R不足,0,0,0.0,0.0,0.0,0.0,0.0,0.0,0.0,0.0,0.5,0.0,0,0,0.0,0.0,0,0,0,0,0,0.0,0.0,0.0,0.0,0.0,False,REJECTED,REJECTED,V9.6.7_NO_MONTHLY_BUDGET_ORIGINAL,True
19,扫高后跌破VWAP空头,流动性VWAP,REJECTED,False,False,False,98c02f47708ca242,NO_WATCH_OR_QUALIFIED_EXPERTS,evidence_first,False,False,False,总交易不足|活跃月份不足|盈利因子不足|实际盈亏比不足|累计净R不足,0,0,0.0,0.0,0.0,0.0,0.0,0.0,0.0,0.0,0.5,0.0,0,0,0.0,0.0,0,0,0,0,0,0.0,0.0,0.0,0.0,0.0,False,REJECTED,REJECTED,V9.6.7_NO_MONTHLY_BUDGET_ORIGINAL,True
20,BTC弱于ETH背离修复多头,跨资产背离,REJECTED,False,False,False,afac444025613291,NO_WATCH_OR_QUALIFIED_EXPERTS,evidence_first,False,False,False,总交易不足|活跃月份不足|盈利因子不足|实际盈亏比不足|累计净R不足,0,0,0.0,0.0,0.0,0.0,0.0,0.0,0.0,0.0,0.5,0.0,0,0,0.0,0.0,0,0,0,0,0,0.0,0.0,0.0,0.0,0.0,False,REJECTED,REJECTED,V9.6.7_NO_MONTHLY_BUDGET_ORIGINAL,True
21,BTC强于ETH背离修复空头,跨资产背离,CANDIDATE,False,False,True,fca571982b7c88a0,NO_WATCH_OR_QUALIFIED_EXPERTS,preferred_seed_anchor,False,False,True,收缩后胜率不足|95%胜率可信下界不足,10,5,0.5,1.864239152287175,0.7918253207701366,2.354356577627499,2.354356577627499,5.362069157585193,2.604056198294657,0.5362069157585193,0.5,0.2365895936154873,3,3,0.0,0.44030105784952894,5,2,2,2,1,0.20281700270472175,3.4715721716268124,1.5877723834802877,3.0011444352380994,1.0,True,CANDIDATE,CANDIDATE,V9.6.7_NO_MONTHLY_BUDGET_ORIGINAL,True
22,压缩后首次放量突破多头,波动扩张,CANDIDATE,False,False,True,637dd7099e42148f,NO_WATCH_OR_QUALIFIED_EXPERTS,evidence_first,False,False,False,总交易不足|活跃月份不足|有效三个月验证块不足|正期望验证块不足|高胜率验证块不足|收缩后胜率不足|95%胜率可信下界不足|删除最佳交易后不再盈利|逐月删除稳定性不足|利润过度依赖单笔|利润过度依赖单月|参数簇不稳健,3,1,0.3333333333333333,1.4955536389470225,0.44920212209884924,3.329355685051546,1.664677842525773,0.597149394749324,0.8984042441976985,0.19904979824977467,0.45454545454545453,0.061490315276160515,2,1,-0.8984042441976985,1.0,2,0,0,0,0,1.0,-0.8984042441976985,-0.6745597222173447,-0.8984042441976985,0.5,False,REJECTED,REJECTED,V9.6.7_NO_MONTHLY_BUDGET_ORIGINAL,True
23,压缩后首次放量突破空头,波动扩张,REJECTED,False,False,False,59bcc3e64f2c7f94,NO_WATCH_OR_QUALIFIED_EXPERTS,evidence_first,False,False,False,活跃月份不足|盈利因子不足|实际盈亏比不足|累计净R不足|最差月份亏损过大,5,0,0.0,0.0,0.5081322025746299,0.0,0.0,-2.5406610128731493,2.5406610128731493,-0.5081322025746299,0.3076923076923077,-3.139202815737979e-17,1,0,-2.5406610128731493,0.0,5,1,0,0,0,0.0,-2.3699739154479555,-2.199272172796143,0.0,0.0,False,REJECTED,REJECTED,V9.6.7_NO_MONTHLY_BUDGET_ORIGINAL,True
24,向下假突破回区间多头,假突破反转,REJECTED,False,False,False,d5f361a753574b48,NO_WATCH_OR_QUALIFIED_EXPERTS,evidence_first,False,False,False,总交易不足|活跃月份不足|盈利因子不足|实际盈亏比不足|累计净R不足,1,0,0.0,0.0,1.3031140960605154,0.0,0.0,-1.3031140960605154,1.3031140960605154,-1.3031140960605154,0.4444444444444444,0.0,1,0,-1.3031140960605154,0.0,1,0,0,0,0,0.0,0.0,0.0,0.0,0.0,False,REJECTED,REJECTED,V9.6.7_NO_MONTHLY_BUDGET_ORIGINAL,True
25,向上假突破回区间空头,假突破反转,REJECTED,False,False,False,5f2fe4ee3fec03dd,NO_WATCH_OR_QUALIFIED_EXPERTS,evidence_first,False,False,False,总交易不足|活跃月份不足|盈利因子不足|实际盈亏比不足|累计净R不足,0,0,0.0,0.0,0.0,0.0,0.0,0.0,0.0,0.0,0.5,0.0,0,0,0.0,0.0,0,0,0,0,0,0.0,0.0,0.0,0.0,0.0,False,REJECTED,REJECTED,V9.6.7_NO_MONTHLY_BUDGET_ORIGINAL,True
26,资金费率极端回归多头,衍生品反转,REJECTED,False,False,False,fcc89570f6af5d59,NO_WATCH_OR_QUALIFIED_EXPERTS,evidence_first,False,False,False,总交易不足|活跃月份不足|盈利因子不足|实际盈亏比不足|累计净R不足,0,0,0.0,0.0,0.0,0.0,0.0,0.0,0.0,0.0,0.5,0.0,0,0,0.0,0.0,0,0,0,0,0,0.0,0.0,0.0,0.0,0.0,False,REJECTED,REJECTED,V9.6.7_NO_MONTHLY_BUDGET_ORIGINAL,True
27,资金费率极端回归空头,衍生品反转,REJECTED,False,False,False,ab1a7bf6d11e9bd8,NO_WATCH_OR_QUALIFIED_EXPERTS,evidence_first,False,False,False,活跃月份不足|盈利因子不足|实际盈亏比不足|累计净R不足|最差月份亏损过大,5,0,0.0,0.0,0.863856423292285,0.0,0.0,-4.319282116461425,4.319282116461425,-0.863856423292285,0.3076923076923077,-3.139202815737979e-17,1,0,-4.319282116461425,0.0,5,1,0,0,0,0.0,-4.115804931606909,-3.912270878759111,0.0,0.0,False,REJECTED,REJECTED,V9.6.7_NO_MONTHLY_BUDGET_ORIGINAL,True
28,合约溢价极端修复多头,基差反转,REJECTED,False,False,False,48c0a571f023845e,NO_WATCH_OR_QUALIFIED_EXPERTS,evidence_first,False,False,False,总交易不足|活跃月份不足|盈利因子不足|实际盈亏比不足|累计净R不足,1,0,0.0,0.0,0.20363843820611607,0.0,0.0,-0.20363843820611607,0.20363843820611607,-0.20363843820611607,0.4444444444444444,0.0,1,0,-0.20363843820611607,0.0,1,0,0,0,0,0.0,0.0,0.0,0.0,0.0,False,REJECTED,REJECTED,V9.6.7_NO_MONTHLY_BUDGET_ORIGINAL,True
29,合约溢价极端修复空头,基差反转,REJECTED,False,False,False,9cc0c5de692aa62f,NO_WATCH_OR_QUALIFIED_EXPERTS,evidence_first,False,False,False,总交易不足|活跃月份不足|盈利因子不足|实际盈亏比不足|累计净R不足,0,0,0.0,0.0,0.0,0.0,0.0,0.0,0.0,0.0,0.5,0.0,0,0,0.0,0.0,0,0,0,0,0,0.0,0.0,0.0,0.0,0.0,False,REJECTED,REJECTED,V9.6.7_NO_MONTHLY_BUDGET_ORIGINAL,True
30,欧美开盘区间突破多头,开盘突破,REJECTED,False,False,False,f9b0b97528e653e7,NO_WATCH_OR_QUALIFIED_EXPERTS,evidence_first,False,False,False,盈利因子不足|累计净R不足|最差月份亏损过大,12,3,0.25,1.5049712509409818,1.063311412229148,1.415362643184586,0.4717875477281953,-5.054888957239388,6.740091937348865,-0.4212407464366157,0.35,0.08894003962896137,2,1,-5.437005880034535,1.0,7,1,1,1,0,0.3375054133538993,-6.578696789643101,-8.074260846193926,-5.437005880034535,0.5,False,REJECTED,REJECTED,V9.6.7_NO_MONTHLY_BUDGET_ORIGINAL,True
31,欧美开盘区间突破空头,开盘突破,REJECTED,False,False,False,8f89911d444a7852,NO_WATCH_OR_QUALIFIED_EXPERTS,evidence_first,False,False,False,总交易不足|活跃月份不足|盈利因子不足|实际盈亏比不足|累计净R不足,0,0,0.0,0.0,0.0,0.0,0.0,0.0,0.0,0.0,0.5,0.0,0,0,0.0,0.0,0,0,0,0,0,0.0,0.0,0.0,0.0,0.0,False,REJECTED,REJECTED,V9.6.7_NO_MONTHLY_BUDGET_ORIGINAL,True
32,BTC强于ETH且溢价回落空头,跨资产衍生品,REJECTED,False,False,False,ad7bf81694ad15d4,NO_WATCH_OR_QUALIFIED_EXPERTS,evidence_first,False,False,False,总交易不足|活跃月份不足|盈利因子不足|实际盈亏比不足|累计净R不足,0,0,0.0,0.0,0.0,0.0,0.0,0.0,0.0,0.0,0.5,0.0,0,0,0.0,0.0,0,0,0,0,0,0.0,0.0,0.0,0.0,0.0,False,REJECTED,REJECTED,V9.6.7_NO_MONTHLY_BUDGET_ORIGINAL,True
33,BTC强于ETH且主动卖盘空头,跨资产订单流,REJECTED,False,False,False,16e8ea0e0b751d8b,NO_WATCH_OR_QUALIFIED_EXPERTS,evidence_first,False,False,True,盈利因子不足|累计净R不足|最差月份亏损过大,8,1,0.125,1.7144577334199718,0.9458446647556148,1.8126208216895208,0.25894583166993157,-4.906454919869331,4.906454919869331,-0.6133068649836664,0.3125,0.02241690886329618,2,0,-3.969918147452873,0.0,4,1,0,0,0,1.0,-6.620912653289303,-6.54392084270415,-3.969918147452873,0.0,True,REJECTED,REJECTED,V9.6.7_NO_MONTHLY_BUDGET_ORIGINAL,True
34,BTC强于ETH欧美盘修复空头,跨资产时段,REJECTED,False,False,False,d9d64c6080c7757b,NO_WATCH_OR_QUALIFIED_EXPERTS,evidence_first,False,False,False,活跃月份不足|盈利因子不足|累计净R不足|最差月份亏损过大,4,1,0.25,1.7146344154267206,1.2815182689432856,1.3379711058201098,0.4459903686067032,-2.129920391403136,3.8445548068298567,-0.532480097850784,0.4166666666666667,0.045586062644636216,1,0,-2.129920391403136,0.0,4,1,0,0,0,1.0,-3.8445548068298567,-2.5737489669362423,0.0,0.0,False,REJECTED,REJECTED,V9.6.7_NO_MONTHLY_BUDGET_ORIGINAL,True
35,ETH先跌BTC滞后补跌空头,跨资产领先滞后,REJECTED,False,False,False,1988519d498cd703,NO_WATCH_OR_QUALIFIED_EXPERTS,evidence_first,False,False,False,总交易不足|活跃月份不足|盈利因子不足|实际盈亏比不足|累计净R不足|最差月份亏损过大,2,0,0.0,0.0,1.284461255634109,0.0,0.0,-2.568922511268218,2.568922511268218,-1.284461255634109,0.4,0.0,1,0,-2.568922511268218,0.0,2,0,0,0,0,0.0,-1.2870814550267895,0.0,0.0,0.0,False,REJECTED,REJECTED,V9.6.7_NO_MONTHLY_BUDGET_ORIGINAL,True
36,BTC弱于ETH且溢价回升多头,跨资产衍生品,REJECTED,False,False,False,d9882e2d61ed9961,NO_WATCH_OR_QUALIFIED_EXPERTS,evidence_first,False,False,False,总交易不足|活跃月份不足|盈利因子不足|实际盈亏比不足|累计净R不足,0,0,0.0,0.0,0.0,0.0,0.0,0.0,0.0,0.0,0.5,0.0,0,0,0.0,0.0,0,0,0,0,0,0.0,0.0,0.0,0.0,0.0,False,REJECTED,REJECTED,V9.6.7_NO_MONTHLY_BUDGET_ORIGINAL,True
37,ETH先涨BTC滞后补涨多头,跨资产领先滞后,REJECTED,False,False,False,6387acc3c2ec918d,NO_WATCH_OR_QUALIFIED_EXPERTS,evidence_first,False,False,False,总交易不足|活跃月份不足,1,1,1.0,1.7125413489195278,0.0,999.0,999.0,1.7125413489195278,0.0,1.7125413489195278,0.5555555555555556,0.20654329147389294,1,1,0.0,1.0,1,0,0,0,0,1.0,0.0,0.0,0.0,0.0,False,REJECTED,REJECTED,V9.6.7_NO_MONTHLY_BUDGET_ORIGINAL,True
38,跨资产背离后VWAP失守空头,跨资产VWAP,REJECTED,False,False,False,47d7edd201629376,NO_WATCH_OR_QUALIFIED_EXPERTS,evidence_first,False,False,False,总交易不足|活跃月份不足|盈利因子不足|实际盈亏比不足|累计净R不足,0,0,0.0,0.0,0.0,0.0,0.0,0.0,0.0,0.0,0.5,0.0,0,0,0.0,0.0,0,0,0,0,0,0.0,0.0,0.0,0.0,0.0,False,REJECTED,REJECTED,V9.6.7_NO_MONTHLY_BUDGET_ORIGINAL,True
39,跨资产背离后VWAP收回多头,跨资产VWAP,REJECTED,False,False,False,1d3bb2983569000d,NO_WATCH_OR_QUALIFIED_EXPERTS,evidence_first,False,False,False,总交易不足|活跃月份不足|盈利因子不足|实际盈亏比不足|累计净R不足,0,0,0.0,0.0,0.0,0.0,0.0,0.0,0.0,0.0,0.5,0.0,0,0,0.0,0.0,0,0,0,0,0,0.0,0.0,0.0,0.0,0.0,False,REJECTED,REJECTED,V9.6.7_NO_MONTHLY_BUDGET_ORIGINAL,True
