channel_id,channel_label,exit_reason,trades,wins,losses,win_rate,avg_win_R,avg_loss_R,avg_win_loss_ratio,profit_factor,net_R,max_drawdown_R,expectancy_R,median_R
baseline_1h_shared_v10_6,基准·V10.6原1小时多空共享组合 RR2.5,STOP,3,0,3,0.0,0.0,1.128264463625512,0.0,0.0,-3.3847933908765357,3.3847933908765357,-1.128264463625512,-1.1080412615724222
baseline_1h_shared_v10_6,基准·V10.6原1小时多空共享组合 RR2.5,TARGET,5,5,0,1.0,2.257971516732102,0.0,999.0,999.0,11.28985758366051,0.0,2.257971516732102,2.240169625334335
baseline_1h_shared_v10_6,基准·V10.6原1小时多空共享组合 RR2.5,TIME_EXIT,1,1,0,1.0,1.2448320277977196,0.0,999.0,999.0,1.2448320277977196,0.0,1.2448320277977196,1.2448320277977196
matrix_direct_1h_long_be1_rr2_0,影子·1H确认直接成交·多头·1R后保本 RR2.0,BREAK_EVEN_FIRST_CONSERVATIVE,1,0,1,0.0,0.0,0.10842289294423371,0.0,0.0,-0.10842289294423371,0.10842289294423371,-0.10842289294423371,-0.10842289294423371
matrix_direct_1h_long_be1_rr2_0,影子·1H确认直接成交·多头·1R后保本 RR2.0,STOP,1,0,1,0.0,0.0,1.0986589809770586,0.0,0.0,-1.0986589809770586,1.0986589809770586,-1.0986589809770586,-1.0986589809770586
matrix_direct_1h_long_be1_rr2_0,影子·1H确认直接成交·多头·1R后保本 RR2.0,TARGET,1,1,0,1.0,1.8285587791665072,0.0,999.0,999.0,1.8285587791665072,0.0,1.8285587791665072,1.8285587791665072
matrix_direct_1h_long_fixed_rr1_5,批量·1H确认直接成交·多头·固定 RR1.5,STOP,1,0,1,0.0,0.0,1.0986589809770586,0.0,0.0,-1.0986589809770586,1.0986589809770586,-1.0986589809770586,-1.0986589809770586
matrix_direct_1h_long_fixed_rr1_5,批量·1H确认直接成交·多头·固定 RR1.5,TARGET,2,2,0,1.0,1.3598179431111288,0.0,999.0,999.0,2.7196358862222576,0.0,1.3598179431111288,1.3598179431111288
matrix_direct_1h_long_fixed_rr2_0,批量·1H确认直接成交·多头·固定 RR2.0,STOP,1,0,1,0.0,0.0,1.0986589809770586,0.0,0.0,-1.0986589809770586,1.0986589809770586,-1.0986589809770586,-1.0986589809770586
matrix_direct_1h_long_fixed_rr2_0,批量·1H确认直接成交·多头·固定 RR2.0,TARGET,2,2,0,1.0,1.8595679431111332,0.0,999.0,999.0,3.7191358862222663,0.0,1.8595679431111332,1.8595679431111332
matrix_direct_1h_long_fixed_rr2_5,批量·1H确认直接成交·多头·固定 RR2.5,STOP,2,0,2,0.0,0.0,1.1343001009052744,0.0,0.0,-2.268600201810549,2.268600201810549,-1.1343001009052744,-1.1343001009052744
matrix_direct_1h_long_fixed_rr2_5,批量·1H确认直接成交·多头·固定 RR2.5,TARGET,1,1,0,1.0,2.3903271070557572,0.0,999.0,999.0,2.3903271070557572,0.0,2.3903271070557572,2.3903271070557572
matrix_direct_1h_shared_fixed_rr1_5,批量·1H确认直接成交·多空共享·固定 RR1.5,STOP,4,0,4,0.0,0.0,1.1331620930162691,0.0,0.0,-4.5326483720650765,4.5326483720650765,-1.1331620930162691,-1.132145690777322
matrix_direct_1h_shared_fixed_rr1_5,批量·1H确认直接成交·多空共享·固定 RR1.5,TARGET,2,2,0,1.0,1.3598179431111288,0.0,999.0,999.0,2.7196358862222576,0.0,1.3598179431111288,1.3598179431111288
matrix_direct_1h_shared_fixed_rr2_0,批量·1H确认直接成交·多空共享·固定 RR2.0,STOP,4,0,4,0.0,0.0,1.1331620930162691,0.0,0.0,-4.5326483720650765,4.5326483720650765,-1.1331620930162691,-1.132145690777322
matrix_direct_1h_shared_fixed_rr2_0,批量·1H确认直接成交·多空共享·固定 RR2.0,TARGET,2,2,0,1.0,1.8595679431111332,0.0,999.0,999.0,3.7191358862222663,0.0,1.8595679431111332,1.8595679431111332
matrix_direct_1h_shared_fixed_rr2_5,批量·1H确认直接成交·多空共享·固定 RR2.5,STOP,5,0,5,0.0,0.0,1.1405179185797132,0.0,0.0,-5.702589592898566,5.702589592898566,-1.1405179185797132,-1.1409246903651793
matrix_direct_1h_shared_fixed_rr2_5,批量·1H确认直接成交·多空共享·固定 RR2.5,TARGET,1,1,0,1.0,2.3903271070557572,0.0,999.0,999.0,2.3903271070557572,0.0,2.3903271070557572,2.3903271070557572
matrix_direct_1h_short_be1_rr2_0,影子·1H确认直接成交·空头·1R后保本 RR2.0,STOP,3,0,3,0.0,0.0,1.1446631303626724,0.0,0.0,-3.4339893910880175,3.4339893910880175,-1.1446631303626724,-1.1409246903651793
matrix_direct_1h_short_fixed_rr1_5,批量·1H确认直接成交·空头·固定 RR1.5,STOP,3,0,3,0.0,0.0,1.1446631303626724,0.0,0.0,-3.4339893910880175,3.4339893910880175,-1.1446631303626724,-1.1409246903651793
matrix_direct_1h_short_fixed_rr2_0,批量·1H确认直接成交·空头·固定 RR2.0,STOP,3,0,3,0.0,0.0,1.1446631303626724,0.0,0.0,-3.4339893910880175,3.4339893910880175,-1.1446631303626724,-1.1409246903651793
matrix_direct_1h_short_fixed_rr2_5,批量·1H确认直接成交·空头·固定 RR2.5,STOP,3,0,3,0.0,0.0,1.1446631303626724,0.0,0.0,-3.4339893910880175,3.4339893910880175,-1.1446631303626724,-1.1409246903651793
matrix_local_break_15m_long_be1_rr2_0,影子·15M局部突破·多头·1R后保本 RR2.0,TARGET,1,1,0,1.0,1.899889279507761,0.0,999.0,999.0,1.899889279507761,0.0,1.899889279507761,1.899889279507761
matrix_local_break_15m_long_fixed_rr1_5,批量·15M局部突破·多头·固定 RR1.5,TARGET,2,2,0,1.0,1.3644809100364896,0.0,999.0,999.0,2.7289618200729793,0.0,1.3644809100364896,1.3644809100364896
matrix_local_break_15m_long_fixed_rr2_0,批量·15M局部突破·多头·固定 RR2.0,TARGET,1,1,0,1.0,1.899889279507761,0.0,999.0,999.0,1.899889279507761,0.0,1.899889279507761,1.899889279507761
matrix_local_break_15m_long_fixed_rr2_5,批量·15M局部突破·多头·固定 RR2.5,STOP,1,0,1,0.0,0.0,1.0986107204922355,0.0,0.0,-1.0986107204922355,1.0986107204922355,-1.0986107204922355,-1.0986107204922355
matrix_local_break_15m_shared_fixed_rr1_5,批量·15M局部突破·多空共享·固定 RR1.5,TARGET,2,2,0,1.0,1.3644809100364896,0.0,999.0,999.0,2.7289618200729793,0.0,1.3644809100364896,1.3644809100364896
matrix_local_break_15m_shared_fixed_rr2_0,批量·15M局部突破·多空共享·固定 RR2.0,TARGET,1,1,0,1.0,1.899889279507761,0.0,999.0,999.0,1.899889279507761,0.0,1.899889279507761,1.899889279507761
matrix_local_break_15m_shared_fixed_rr2_5,批量·15M局部突破·多空共享·固定 RR2.5,STOP,1,0,1,0.0,0.0,1.0986107204922355,0.0,0.0,-1.0986107204922355,1.0986107204922355,-1.0986107204922355,-1.0986107204922355
matrix_pullback_reclaim_15m_long_be1_rr2_0,影子·15M回踩重确认·多头·1R后保本 RR2.0,TARGET,1,1,0,1.0,1.899889279507761,0.0,999.0,999.0,1.899889279507761,0.0,1.899889279507761,1.899889279507761
matrix_pullback_reclaim_15m_long_fixed_rr1_5,批量·15M回踩重确认·多头·固定 RR1.5,TARGET,2,2,0,1.0,1.3645283751998982,0.0,999.0,999.0,2.7290567503997964,0.0,1.3645283751998982,1.3645283751998982
matrix_pullback_reclaim_15m_long_fixed_rr2_0,批量·15M回踩重确认·多头·固定 RR2.0,TARGET,1,1,0,1.0,1.899889279507761,0.0,999.0,999.0,1.899889279507761,0.0,1.899889279507761,1.899889279507761
matrix_pullback_reclaim_15m_long_fixed_rr2_5,批量·15M回踩重确认·多头·固定 RR2.5,STOP,1,0,1,0.0,0.0,1.0986107204922355,0.0,0.0,-1.0986107204922355,1.0986107204922355,-1.0986107204922355,-1.0986107204922355
matrix_pullback_reclaim_15m_shared_fixed_rr1_5,批量·15M回踩重确认·多空共享·固定 RR1.5,STOP,2,0,2,0.0,0.0,1.132283742443882,0.0,0.0,-2.264567484887764,2.264567484887764,-1.132283742443882,-1.132283742443882
matrix_pullback_reclaim_15m_shared_fixed_rr1_5,批量·15M回踩重确认·多空共享·固定 RR1.5,TARGET,2,2,0,1.0,1.3645283751998982,0.0,999.0,999.0,2.7290567503997964,0.0,1.3645283751998982,1.3645283751998982
matrix_pullback_reclaim_15m_shared_fixed_rr2_0,批量·15M回踩重确认·多空共享·固定 RR2.0,STOP,2,0,2,0.0,0.0,1.132283742443882,0.0,0.0,-2.264567484887764,2.264567484887764,-1.132283742443882,-1.132283742443882
matrix_pullback_reclaim_15m_shared_fixed_rr2_0,批量·15M回踩重确认·多空共享·固定 RR2.0,TARGET,1,1,0,1.0,1.899889279507761,0.0,999.0,999.0,1.899889279507761,0.0,1.899889279507761,1.899889279507761
matrix_pullback_reclaim_15m_shared_fixed_rr2_5,批量·15M回踩重确认·多空共享·固定 RR2.5,STOP,3,0,3,0.0,0.0,1.1210594017933333,0.0,0.0,-3.3631782053799997,3.3631782053799997,-1.1210594017933333,-1.1233657293837833
matrix_pullback_reclaim_15m_short_be1_rr2_0,影子·15M回踩重确认·空头·1R后保本 RR2.0,BREAK_EVEN_FIRST_CONSERVATIVE,1,0,1,0.0,0.0,0.14070175550397748,0.0,0.0,-0.14070175550397748,0.14070175550397748,-0.14070175550397748,-0.14070175550397748
matrix_pullback_reclaim_15m_short_be1_rr2_0,影子·15M回踩重确认·空头·1R后保本 RR2.0,STOP,2,0,2,0.0,0.0,1.1466683267435154,0.0,0.0,-2.2933366534870308,2.2933366534870308,-1.1466683267435154,-1.1466683267435154
matrix_pullback_reclaim_15m_short_fixed_rr1_5,批量·15M回踩重确认·空头·固定 RR1.5,STOP,2,0,2,0.0,0.0,1.132283742443882,0.0,0.0,-2.264567484887764,2.264567484887764,-1.132283742443882,-1.132283742443882
matrix_pullback_reclaim_15m_short_fixed_rr2_0,批量·15M回踩重确认·空头·固定 RR2.0,STOP,2,0,2,0.0,0.0,1.132283742443882,0.0,0.0,-2.264567484887764,2.264567484887764,-1.132283742443882,-1.132283742443882
matrix_pullback_reclaim_15m_short_fixed_rr2_5,批量·15M回踩重确认·空头·固定 RR2.5,STOP,2,0,2,0.0,0.0,1.132283742443882,0.0,0.0,-2.264567484887764,2.264567484887764,-1.132283742443882,-1.132283742443882
