expert,family,policy_key,tier,month,trades,wins,win_rate,avg_win_R,avg_loss_R,avg_win_loss_ratio,profit_factor,net_R,max_drawdown_R,expectancy_R
趋势回踩重新站稳多头,趋势回踩,e024946a7a7bbea6,CANDIDATE,2025-05,0,0,0.0,0.0,0.0,0.0,0.0,0.0,0.0,0.0
趋势回踩重新站稳多头,趋势回踩,e024946a7a7bbea6,CANDIDATE,2025-06,3,1,0.3333333333333333,1.7127474626624966,0.7357114230102177,2.3280153183630934,1.1640076591815467,0.24132461664206106,1.4714228460204355,0.08044153888068702
趋势回踩重新站稳多头,趋势回踩,e024946a7a7bbea6,CANDIDATE,2025-07,0,0,0.0,0.0,0.0,0.0,0.0,0.0,0.0,0.0
趋势回踩重新站稳多头,趋势回踩,e024946a7a7bbea6,CANDIDATE,2025-08,0,0,0.0,0.0,0.0,0.0,0.0,0.0,0.0,0.0
趋势回踩重新站稳多头,趋势回踩,e024946a7a7bbea6,CANDIDATE,2025-09,0,0,0.0,0.0,0.0,0.0,0.0,0.0,0.0,0.0
趋势回踩重新站稳多头,趋势回踩,e024946a7a7bbea6,CANDIDATE,2025-10,0,0,0.0,0.0,0.0,0.0,0.0,0.0,0.0,0.0
趋势回踩重新站稳多头,趋势回踩,e024946a7a7bbea6,CANDIDATE,2025-11,0,0,0.0,0.0,0.0,0.0,0.0,0.0,0.0,0.0
趋势回踩重新站稳多头,趋势回踩,e024946a7a7bbea6,CANDIDATE,2025-12,0,0,0.0,0.0,0.0,0.0,0.0,0.0,0.0,0.0
趋势回踩重新站稳多头,趋势回踩,e024946a7a7bbea6,CANDIDATE,2026-01,0,0,0.0,0.0,0.0,0.0,0.0,0.0,0.0,0.0
趋势回踩重新站稳多头,趋势回踩,e024946a7a7bbea6,CANDIDATE,2026-02,1,1,1.0,1.7124550554222264,0.0,999.0,999.0,1.7124550554222264,0.0,1.7124550554222264
趋势回踩重新站稳多头,趋势回踩,e024946a7a7bbea6,CANDIDATE,2026-03,0,0,0.0,0.0,0.0,0.0,0.0,0.0,0.0,0.0
趋势回踩重新站稳多头,趋势回踩,e024946a7a7bbea6,CANDIDATE,2026-04,0,0,0.0,0.0,0.0,0.0,0.0,0.0,0.0,0.0
趋势回踩重新站稳多头,趋势回踩,e024946a7a7bbea6,CANDIDATE,2026-05,0,0,0.0,0.0,0.0,0.0,0.0,0.0,0.0,0.0
趋势反抽失败空头,趋势回踩,da51c7f197a1b096,CANDIDATE,2025-05,0,0,0.0,0.0,0.0,0.0,0.0,0.0,0.0,0.0
趋势反抽失败空头,趋势回踩,da51c7f197a1b096,CANDIDATE,2025-06,2,1,0.5,1.714741469113497,0.1861981010035239,9.209231779872152,9.209231779872152,1.5285433681099732,0.1861981010035239,0.7642716840549866
趋势反抽失败空头,趋势回踩,da51c7f197a1b096,CANDIDATE,2025-07,0,0,0.0,0.0,0.0,0.0,0.0,0.0,0.0,0.0
趋势反抽失败空头,趋势回踩,da51c7f197a1b096,CANDIDATE,2025-08,0,0,0.0,0.0,0.0,0.0,0.0,0.0,0.0,0.0
趋势反抽失败空头,趋势回踩,da51c7f197a1b096,CANDIDATE,2025-09,0,0,0.0,0.0,0.0,0.0,0.0,0.0,0.0,0.0
趋势反抽失败空头,趋势回踩,da51c7f197a1b096,CANDIDATE,2025-10,0,0,0.0,0.0,0.0,0.0,0.0,0.0,0.0,0.0
趋势反抽失败空头,趋势回踩,da51c7f197a1b096,CANDIDATE,2025-11,0,0,0.0,0.0,0.0,0.0,0.0,0.0,0.0,0.0
趋势反抽失败空头,趋势回踩,da51c7f197a1b096,CANDIDATE,2025-12,0,0,0.0,0.0,0.0,0.0,0.0,0.0,0.0,0.0
趋势反抽失败空头,趋势回踩,da51c7f197a1b096,CANDIDATE,2026-01,0,0,0.0,0.0,0.0,0.0,0.0,0.0,0.0,0.0
趋势反抽失败空头,趋势回踩,da51c7f197a1b096,CANDIDATE,2026-02,0,0,0.0,0.0,0.0,0.0,0.0,0.0,0.0,0.0
趋势反抽失败空头,趋势回踩,da51c7f197a1b096,CANDIDATE,2026-03,0,0,0.0,0.0,0.0,0.0,0.0,0.0,0.0,0.0
趋势反抽失败空头,趋势回踩,da51c7f197a1b096,CANDIDATE,2026-04,1,0,0.0,0.0,1.2870177022047267,0.0,0.0,-1.2870177022047267,1.2870177022047267,-1.2870177022047267
趋势反抽失败空头,趋势回踩,da51c7f197a1b096,CANDIDATE,2026-05,0,0,0.0,0.0,0.0,0.0,0.0,0.0,0.0,0.0
EMA21回踩收回多头,均线回踩,57c6d8ed313f7b81,REJECTED,2025-05,0,0,0.0,0.0,0.0,0.0,0.0,0.0,0.0,0.0
EMA21回踩收回多头,均线回踩,57c6d8ed313f7b81,REJECTED,2025-06,0,0,0.0,0.0,0.0,0.0,0.0,0.0,0.0,0.0
EMA21回踩收回多头,均线回踩,57c6d8ed313f7b81,REJECTED,2025-07,0,0,0.0,0.0,0.0,0.0,0.0,0.0,0.0,0.0
EMA21回踩收回多头,均线回踩,57c6d8ed313f7b81,REJECTED,2025-08,0,0,0.0,0.0,0.0,0.0,0.0,0.0,0.0,0.0
EMA21回踩收回多头,均线回踩,57c6d8ed313f7b81,REJECTED,2025-09,0,0,0.0,0.0,0.0,0.0,0.0,0.0,0.0,0.0
EMA21回踩收回多头,均线回踩,57c6d8ed313f7b81,REJECTED,2025-10,0,0,0.0,0.0,0.0,0.0,0.0,0.0,0.0,0.0
EMA21回踩收回多头,均线回踩,57c6d8ed313f7b81,REJECTED,2025-11,0,0,0.0,0.0,0.0,0.0,0.0,0.0,0.0,0.0
EMA21回踩收回多头,均线回踩,57c6d8ed313f7b81,REJECTED,2025-12,0,0,0.0,0.0,0.0,0.0,0.0,0.0,0.0,0.0
EMA21回踩收回多头,均线回踩,57c6d8ed313f7b81,REJECTED,2026-01,0,0,0.0,0.0,0.0,0.0,0.0,0.0,0.0,0.0
EMA21回踩收回多头,均线回踩,57c6d8ed313f7b81,REJECTED,2026-02,0,0,0.0,0.0,0.0,0.0,0.0,0.0,0.0,0.0
EMA21回踩收回多头,均线回踩,57c6d8ed313f7b81,REJECTED,2026-03,0,0,0.0,0.0,0.0,0.0,0.0,0.0,0.0,0.0
EMA21回踩收回多头,均线回踩,57c6d8ed313f7b81,REJECTED,2026-04,0,0,0.0,0.0,0.0,0.0,0.0,0.0,0.0,0.0
EMA21回踩收回多头,均线回踩,57c6d8ed313f7b81,REJECTED,2026-05,0,0,0.0,0.0,0.0,0.0,0.0,0.0,0.0,0.0
EMA21反抽受阻空头,均线回踩,4916a4f4be16d2e4,REJECTED,2025-05,0,0,0.0,0.0,0.0,0.0,0.0,0.0,0.0,0.0
EMA21反抽受阻空头,均线回踩,4916a4f4be16d2e4,REJECTED,2025-06,0,0,0.0,0.0,0.0,0.0,0.0,0.0,0.0,0.0
EMA21反抽受阻空头,均线回踩,4916a4f4be16d2e4,REJECTED,2025-07,0,0,0.0,0.0,0.0,0.0,0.0,0.0,0.0,0.0
EMA21反抽受阻空头,均线回踩,4916a4f4be16d2e4,REJECTED,2025-08,0,0,0.0,0.0,0.0,0.0,0.0,0.0,0.0,0.0
EMA21反抽受阻空头,均线回踩,4916a4f4be16d2e4,REJECTED,2025-09,0,0,0.0,0.0,0.0,0.0,0.0,0.0,0.0,0.0
EMA21反抽受阻空头,均线回踩,4916a4f4be16d2e4,REJECTED,2025-10,0,0,0.0,0.0,0.0,0.0,0.0,0.0,0.0,0.0
EMA21反抽受阻空头,均线回踩,4916a4f4be16d2e4,REJECTED,2025-11,0,0,0.0,0.0,0.0,0.0,0.0,0.0,0.0,0.0
EMA21反抽受阻空头,均线回踩,4916a4f4be16d2e4,REJECTED,2025-12,0,0,0.0,0.0,0.0,0.0,0.0,0.0,0.0,0.0
EMA21反抽受阻空头,均线回踩,4916a4f4be16d2e4,REJECTED,2026-01,0,0,0.0,0.0,0.0,0.0,0.0,0.0,0.0,0.0
EMA21反抽受阻空头,均线回踩,4916a4f4be16d2e4,REJECTED,2026-02,0,0,0.0,0.0,0.0,0.0,0.0,0.0,0.0,0.0
EMA21反抽受阻空头,均线回踩,4916a4f4be16d2e4,REJECTED,2026-03,0,0,0.0,0.0,0.0,0.0,0.0,0.0,0.0,0.0
EMA21反抽受阻空头,均线回踩,4916a4f4be16d2e4,REJECTED,2026-04,0,0,0.0,0.0,0.0,0.0,0.0,0.0,0.0,0.0
EMA21反抽受阻空头,均线回踩,4916a4f4be16d2e4,REJECTED,2026-05,0,0,0.0,0.0,0.0,0.0,0.0,0.0,0.0,0.0
VWAP重新站回多头,VWAP回归,acb95ebbfdc22945,REJECTED,2025-05,0,0,0.0,0.0,0.0,0.0,0.0,0.0,0.0,0.0
VWAP重新站回多头,VWAP回归,acb95ebbfdc22945,REJECTED,2025-06,0,0,0.0,0.0,0.0,0.0,0.0,0.0,0.0,0.0
VWAP重新站回多头,VWAP回归,acb95ebbfdc22945,REJECTED,2025-07,0,0,0.0,0.0,0.0,0.0,0.0,0.0,0.0,0.0
VWAP重新站回多头,VWAP回归,acb95ebbfdc22945,REJECTED,2025-08,0,0,0.0,0.0,0.0,0.0,0.0,0.0,0.0,0.0
VWAP重新站回多头,VWAP回归,acb95ebbfdc22945,REJECTED,2025-09,0,0,0.0,0.0,0.0,0.0,0.0,0.0,0.0,0.0
VWAP重新站回多头,VWAP回归,acb95ebbfdc22945,REJECTED,2025-10,0,0,0.0,0.0,0.0,0.0,0.0,0.0,0.0,0.0
VWAP重新站回多头,VWAP回归,acb95ebbfdc22945,REJECTED,2025-11,3,1,0.3333333333333333,1.7126581552271538,0.1862924884014598,9.193382781684575,4.596691390842287,1.3400731784242343,0.3725849768029196,0.4466910594747448
VWAP重新站回多头,VWAP回归,acb95ebbfdc22945,REJECTED,2025-12,0,0,0.0,0.0,0.0,0.0,0.0,0.0,0.0,0.0
VWAP重新站回多头,VWAP回归,acb95ebbfdc22945,REJECTED,2026-01,0,0,0.0,0.0,0.0,0.0,0.0,0.0,0.0,0.0
VWAP重新站回多头,VWAP回归,acb95ebbfdc22945,REJECTED,2026-02,0,0,0.0,0.0,0.0,0.0,0.0,0.0,0.0,0.0
VWAP重新站回多头,VWAP回归,acb95ebbfdc22945,REJECTED,2026-03,0,0,0.0,0.0,0.0,0.0,0.0,0.0,0.0,0.0
VWAP重新站回多头,VWAP回归,acb95ebbfdc22945,REJECTED,2026-04,0,0,0.0,0.0,0.0,0.0,0.0,0.0,0.0,0.0
VWAP重新站回多头,VWAP回归,acb95ebbfdc22945,REJECTED,2026-05,0,0,0.0,0.0,0.0,0.0,0.0,0.0,0.0,0.0
VWAP反抽失败空头,VWAP回归,eac17b2dead99d38,REJECTED,2025-05,0,0,0.0,0.0,0.0,0.0,0.0,0.0,0.0,0.0
VWAP反抽失败空头,VWAP回归,eac17b2dead99d38,REJECTED,2025-06,0,0,0.0,0.0,0.0,0.0,0.0,0.0,0.0,0.0
VWAP反抽失败空头,VWAP回归,eac17b2dead99d38,REJECTED,2025-07,0,0,0.0,0.0,0.0,0.0,0.0,0.0,0.0,0.0
VWAP反抽失败空头,VWAP回归,eac17b2dead99d38,REJECTED,2025-08,0,0,0.0,0.0,0.0,0.0,0.0,0.0,0.0,0.0
VWAP反抽失败空头,VWAP回归,eac17b2dead99d38,REJECTED,2025-09,1,0,0.0,0.0,1.2867426162505466,0.0,0.0,-1.2867426162505466,1.2867426162505466,-1.2867426162505466
VWAP反抽失败空头,VWAP回归,eac17b2dead99d38,REJECTED,2025-10,0,0,0.0,0.0,0.0,0.0,0.0,0.0,0.0,0.0
VWAP反抽失败空头,VWAP回归,eac17b2dead99d38,REJECTED,2025-11,0,0,0.0,0.0,0.0,0.0,0.0,0.0,0.0,0.0
VWAP反抽失败空头,VWAP回归,eac17b2dead99d38,REJECTED,2025-12,0,0,0.0,0.0,0.0,0.0,0.0,0.0,0.0,0.0
VWAP反抽失败空头,VWAP回归,eac17b2dead99d38,REJECTED,2026-01,0,0,0.0,0.0,0.0,0.0,0.0,0.0,0.0,0.0
VWAP反抽失败空头,VWAP回归,eac17b2dead99d38,REJECTED,2026-02,0,0,0.0,0.0,0.0,0.0,0.0,0.0,0.0,0.0
VWAP反抽失败空头,VWAP回归,eac17b2dead99d38,REJECTED,2026-03,0,0,0.0,0.0,0.0,0.0,0.0,0.0,0.0,0.0
VWAP反抽失败空头,VWAP回归,eac17b2dead99d38,REJECTED,2026-04,0,0,0.0,0.0,0.0,0.0,0.0,0.0,0.0,0.0
VWAP反抽失败空头,VWAP回归,eac17b2dead99d38,REJECTED,2026-05,0,0,0.0,0.0,0.0,0.0,0.0,0.0,0.0,0.0
阻力转支撑确认多头,结构角色转换,39f3e3b0e2915467,REJECTED,2025-05,0,0,0.0,0.0,0.0,0.0,0.0,0.0,0.0,0.0
阻力转支撑确认多头,结构角色转换,39f3e3b0e2915467,REJECTED,2025-06,0,0,0.0,0.0,0.0,0.0,0.0,0.0,0.0,0.0
阻力转支撑确认多头,结构角色转换,39f3e3b0e2915467,REJECTED,2025-07,0,0,0.0,0.0,0.0,0.0,0.0,0.0,0.0,0.0
阻力转支撑确认多头,结构角色转换,39f3e3b0e2915467,REJECTED,2025-08,0,0,0.0,0.0,0.0,0.0,0.0,0.0,0.0,0.0
阻力转支撑确认多头,结构角色转换,39f3e3b0e2915467,REJECTED,2025-09,0,0,0.0,0.0,0.0,0.0,0.0,0.0,0.0,0.0
阻力转支撑确认多头,结构角色转换,39f3e3b0e2915467,REJECTED,2025-10,0,0,0.0,0.0,0.0,0.0,0.0,0.0,0.0,0.0
阻力转支撑确认多头,结构角色转换,39f3e3b0e2915467,REJECTED,2025-11,0,0,0.0,0.0,0.0,0.0,0.0,0.0,0.0,0.0
阻力转支撑确认多头,结构角色转换,39f3e3b0e2915467,REJECTED,2025-12,0,0,0.0,0.0,0.0,0.0,0.0,0.0,0.0,0.0
阻力转支撑确认多头,结构角色转换,39f3e3b0e2915467,REJECTED,2026-01,0,0,0.0,0.0,0.0,0.0,0.0,0.0,0.0,0.0
阻力转支撑确认多头,结构角色转换,39f3e3b0e2915467,REJECTED,2026-02,0,0,0.0,0.0,0.0,0.0,0.0,0.0,0.0,0.0
阻力转支撑确认多头,结构角色转换,39f3e3b0e2915467,REJECTED,2026-03,0,0,0.0,0.0,0.0,0.0,0.0,0.0,0.0,0.0
阻力转支撑确认多头,结构角色转换,39f3e3b0e2915467,REJECTED,2026-04,0,0,0.0,0.0,0.0,0.0,0.0,0.0,0.0,0.0
阻力转支撑确认多头,结构角色转换,39f3e3b0e2915467,REJECTED,2026-05,0,0,0.0,0.0,0.0,0.0,0.0,0.0,0.0,0.0
支撑转阻力确认空头,结构角色转换,7dd21da10b8889b6,REJECTED,2025-05,0,0,0.0,0.0,0.0,0.0,0.0,0.0,0.0,0.0
支撑转阻力确认空头,结构角色转换,7dd21da10b8889b6,REJECTED,2025-06,0,0,0.0,0.0,0.0,0.0,0.0,0.0,0.0,0.0
支撑转阻力确认空头,结构角色转换,7dd21da10b8889b6,REJECTED,2025-07,0,0,0.0,0.0,0.0,0.0,0.0,0.0,0.0,0.0
支撑转阻力确认空头,结构角色转换,7dd21da10b8889b6,REJECTED,2025-08,0,0,0.0,0.0,0.0,0.0,0.0,0.0,0.0,0.0
支撑转阻力确认空头,结构角色转换,7dd21da10b8889b6,REJECTED,2025-09,0,0,0.0,0.0,0.0,0.0,0.0,0.0,0.0,0.0
支撑转阻力确认空头,结构角色转换,7dd21da10b8889b6,REJECTED,2025-10,0,0,0.0,0.0,0.0,0.0,0.0,0.0,0.0,0.0
支撑转阻力确认空头,结构角色转换,7dd21da10b8889b6,REJECTED,2025-11,3,0,0.0,0.0,1.26137362228166,0.0,0.0,-3.78412086684498,3.78412086684498,-1.26137362228166
支撑转阻力确认空头,结构角色转换,7dd21da10b8889b6,REJECTED,2025-12,0,0,0.0,0.0,0.0,0.0,0.0,0.0,0.0,0.0
支撑转阻力确认空头,结构角色转换,7dd21da10b8889b6,REJECTED,2026-01,0,0,0.0,0.0,0.0,0.0,0.0,0.0,0.0,0.0
支撑转阻力确认空头,结构角色转换,7dd21da10b8889b6,REJECTED,2026-02,0,0,0.0,0.0,0.0,0.0,0.0,0.0,0.0,0.0
支撑转阻力确认空头,结构角色转换,7dd21da10b8889b6,REJECTED,2026-03,0,0,0.0,0.0,0.0,0.0,0.0,0.0,0.0,0.0
支撑转阻力确认空头,结构角色转换,7dd21da10b8889b6,REJECTED,2026-04,0,0,0.0,0.0,0.0,0.0,0.0,0.0,0.0,0.0
支撑转阻力确认空头,结构角色转换,7dd21da10b8889b6,REJECTED,2026-05,0,0,0.0,0.0,0.0,0.0,0.0,0.0,0.0,0.0
缩量回踩恢复多头,量价回踩,612581c35b84da3c,REJECTED,2025-05,0,0,0.0,0.0,0.0,0.0,0.0,0.0,0.0,0.0
缩量回踩恢复多头,量价回踩,612581c35b84da3c,REJECTED,2025-06,0,0,0.0,0.0,0.0,0.0,0.0,0.0,0.0,0.0
缩量回踩恢复多头,量价回踩,612581c35b84da3c,REJECTED,2025-07,0,0,0.0,0.0,0.0,0.0,0.0,0.0,0.0,0.0
缩量回踩恢复多头,量价回踩,612581c35b84da3c,REJECTED,2025-08,0,0,0.0,0.0,0.0,0.0,0.0,0.0,0.0,0.0
缩量回踩恢复多头,量价回踩,612581c35b84da3c,REJECTED,2025-09,0,0,0.0,0.0,0.0,0.0,0.0,0.0,0.0,0.0
缩量回踩恢复多头,量价回踩,612581c35b84da3c,REJECTED,2025-10,0,0,0.0,0.0,0.0,0.0,0.0,0.0,0.0,0.0
缩量回踩恢复多头,量价回踩,612581c35b84da3c,REJECTED,2025-11,0,0,0.0,0.0,0.0,0.0,0.0,0.0,0.0,0.0
缩量回踩恢复多头,量价回踩,612581c35b84da3c,REJECTED,2025-12,0,0,0.0,0.0,0.0,0.0,0.0,0.0,0.0,0.0
缩量回踩恢复多头,量价回踩,612581c35b84da3c,REJECTED,2026-01,0,0,0.0,0.0,0.0,0.0,0.0,0.0,0.0,0.0
缩量回踩恢复多头,量价回踩,612581c35b84da3c,REJECTED,2026-02,0,0,0.0,0.0,0.0,0.0,0.0,0.0,0.0,0.0
缩量回踩恢复多头,量价回踩,612581c35b84da3c,REJECTED,2026-03,0,0,0.0,0.0,0.0,0.0,0.0,0.0,0.0,0.0
缩量回踩恢复多头,量价回踩,612581c35b84da3c,REJECTED,2026-04,0,0,0.0,0.0,0.0,0.0,0.0,0.0,0.0,0.0
缩量回踩恢复多头,量价回踩,612581c35b84da3c,REJECTED,2026-05,0,0,0.0,0.0,0.0,0.0,0.0,0.0,0.0,0.0
缩量反抽恢复空头,量价回踩,b55421f3522a3f16,REJECTED,2025-05,0,0,0.0,0.0,0.0,0.0,0.0,0.0,0.0,0.0
缩量反抽恢复空头,量价回踩,b55421f3522a3f16,REJECTED,2025-06,0,0,0.0,0.0,0.0,0.0,0.0,0.0,0.0,0.0
缩量反抽恢复空头,量价回踩,b55421f3522a3f16,REJECTED,2025-07,0,0,0.0,0.0,0.0,0.0,0.0,0.0,0.0,0.0
缩量反抽恢复空头,量价回踩,b55421f3522a3f16,REJECTED,2025-08,0,0,0.0,0.0,0.0,0.0,0.0,0.0,0.0,0.0
缩量反抽恢复空头,量价回踩,b55421f3522a3f16,REJECTED,2025-09,0,0,0.0,0.0,0.0,0.0,0.0,0.0,0.0,0.0
缩量反抽恢复空头,量价回踩,b55421f3522a3f16,REJECTED,2025-10,0,0,0.0,0.0,0.0,0.0,0.0,0.0,0.0,0.0
缩量反抽恢复空头,量价回踩,b55421f3522a3f16,REJECTED,2025-11,0,0,0.0,0.0,0.0,0.0,0.0,0.0,0.0,0.0
缩量反抽恢复空头,量价回踩,b55421f3522a3f16,REJECTED,2025-12,0,0,0.0,0.0,0.0,0.0,0.0,0.0,0.0,0.0
缩量反抽恢复空头,量价回踩,b55421f3522a3f16,REJECTED,2026-01,0,0,0.0,0.0,0.0,0.0,0.0,0.0,0.0,0.0
缩量反抽恢复空头,量价回踩,b55421f3522a3f16,REJECTED,2026-02,0,0,0.0,0.0,0.0,0.0,0.0,0.0,0.0,0.0
缩量反抽恢复空头,量价回踩,b55421f3522a3f16,REJECTED,2026-03,0,0,0.0,0.0,0.0,0.0,0.0,0.0,0.0,0.0
缩量反抽恢复空头,量价回踩,b55421f3522a3f16,REJECTED,2026-04,0,0,0.0,0.0,0.0,0.0,0.0,0.0,0.0,0.0
缩量反抽恢复空头,量价回踩,b55421f3522a3f16,REJECTED,2026-05,0,0,0.0,0.0,0.0,0.0,0.0,0.0,0.0,0.0
欧美时段顺势延续多头,时段延续,792c97e8b4c0b8eb,REJECTED,2025-05,0,0,0.0,0.0,0.0,0.0,0.0,0.0,0.0,0.0
欧美时段顺势延续多头,时段延续,792c97e8b4c0b8eb,REJECTED,2025-06,0,0,0.0,0.0,0.0,0.0,0.0,0.0,0.0,0.0
欧美时段顺势延续多头,时段延续,792c97e8b4c0b8eb,REJECTED,2025-07,0,0,0.0,0.0,0.0,0.0,0.0,0.0,0.0,0.0
欧美时段顺势延续多头,时段延续,792c97e8b4c0b8eb,REJECTED,2025-08,0,0,0.0,0.0,0.0,0.0,0.0,0.0,0.0,0.0
欧美时段顺势延续多头,时段延续,792c97e8b4c0b8eb,REJECTED,2025-09,0,0,0.0,0.0,0.0,0.0,0.0,0.0,0.0,0.0
欧美时段顺势延续多头,时段延续,792c97e8b4c0b8eb,REJECTED,2025-10,0,0,0.0,0.0,0.0,0.0,0.0,0.0,0.0,0.0
欧美时段顺势延续多头,时段延续,792c97e8b4c0b8eb,REJECTED,2025-11,0,0,0.0,0.0,0.0,0.0,0.0,0.0,0.0,0.0
欧美时段顺势延续多头,时段延续,792c97e8b4c0b8eb,REJECTED,2025-12,0,0,0.0,0.0,0.0,0.0,0.0,0.0,0.0,0.0
欧美时段顺势延续多头,时段延续,792c97e8b4c0b8eb,REJECTED,2026-01,0,0,0.0,0.0,0.0,0.0,0.0,0.0,0.0,0.0
欧美时段顺势延续多头,时段延续,792c97e8b4c0b8eb,REJECTED,2026-02,3,1,0.3333333333333333,1.7124662965841884,0.7217092497815238,2.3727925021088296,1.1863962510544148,0.2690477970211407,1.4434184995630477,0.08968259900704689
欧美时段顺势延续多头,时段延续,792c97e8b4c0b8eb,REJECTED,2026-03,0,0,0.0,0.0,0.0,0.0,0.0,0.0,0.0,0.0
欧美时段顺势延续多头,时段延续,792c97e8b4c0b8eb,REJECTED,2026-04,0,0,0.0,0.0,0.0,0.0,0.0,0.0,0.0,0.0
欧美时段顺势延续多头,时段延续,792c97e8b4c0b8eb,REJECTED,2026-05,0,0,0.0,0.0,0.0,0.0,0.0,0.0,0.0,0.0
欧美时段顺势延续空头,时段延续,1de21fc96eaf5c68,REJECTED,2025-05,0,0,0.0,0.0,0.0,0.0,0.0,0.0,0.0,0.0
欧美时段顺势延续空头,时段延续,1de21fc96eaf5c68,REJECTED,2025-06,0,0,0.0,0.0,0.0,0.0,0.0,0.0,0.0,0.0
欧美时段顺势延续空头,时段延续,1de21fc96eaf5c68,REJECTED,2025-07,0,0,0.0,0.0,0.0,0.0,0.0,0.0,0.0,0.0
欧美时段顺势延续空头,时段延续,1de21fc96eaf5c68,REJECTED,2025-08,0,0,0.0,0.0,0.0,0.0,0.0,0.0,0.0,0.0
欧美时段顺势延续空头,时段延续,1de21fc96eaf5c68,REJECTED,2025-09,0,0,0.0,0.0,0.0,0.0,0.0,0.0,0.0,0.0
欧美时段顺势延续空头,时段延续,1de21fc96eaf5c68,REJECTED,2025-10,0,0,0.0,0.0,0.0,0.0,0.0,0.0,0.0,0.0
欧美时段顺势延续空头,时段延续,1de21fc96eaf5c68,REJECTED,2025-11,3,1,0.3333333333333333,1.7147203332269656,0.7364959219251979,2.328214294445368,1.164107147222684,0.24172848937656988,1.2867753638267085,0.08057616312552329
欧美时段顺势延续空头,时段延续,1de21fc96eaf5c68,REJECTED,2025-12,0,0,0.0,0.0,0.0,0.0,0.0,0.0,0.0,0.0
欧美时段顺势延续空头,时段延续,1de21fc96eaf5c68,REJECTED,2026-01,0,0,0.0,0.0,0.0,0.0,0.0,0.0,0.0,0.0
欧美时段顺势延续空头,时段延续,1de21fc96eaf5c68,REJECTED,2026-02,0,0,0.0,0.0,0.0,0.0,0.0,0.0,0.0,0.0
欧美时段顺势延续空头,时段延续,1de21fc96eaf5c68,REJECTED,2026-03,0,0,0.0,0.0,0.0,0.0,0.0,0.0,0.0,0.0
欧美时段顺势延续空头,时段延续,1de21fc96eaf5c68,REJECTED,2026-04,0,0,0.0,0.0,0.0,0.0,0.0,0.0,0.0,0.0
欧美时段顺势延续空头,时段延续,1de21fc96eaf5c68,REJECTED,2026-05,0,0,0.0,0.0,0.0,0.0,0.0,0.0,0.0,0.0
区间扫低立即收回多头,流动性反转,52f3fa47b619e482,REJECTED,2025-05,0,0,0.0,0.0,0.0,0.0,0.0,0.0,0.0,0.0
区间扫低立即收回多头,流动性反转,52f3fa47b619e482,REJECTED,2025-06,0,0,0.0,0.0,0.0,0.0,0.0,0.0,0.0,0.0
区间扫低立即收回多头,流动性反转,52f3fa47b619e482,REJECTED,2025-07,0,0,0.0,0.0,0.0,0.0,0.0,0.0,0.0,0.0
区间扫低立即收回多头,流动性反转,52f3fa47b619e482,REJECTED,2025-08,0,0,0.0,0.0,0.0,0.0,0.0,0.0,0.0,0.0
区间扫低立即收回多头,流动性反转,52f3fa47b619e482,REJECTED,2025-09,0,0,0.0,0.0,0.0,0.0,0.0,0.0,0.0,0.0
区间扫低立即收回多头,流动性反转,52f3fa47b619e482,REJECTED,2025-10,0,0,0.0,0.0,0.0,0.0,0.0,0.0,0.0,0.0
区间扫低立即收回多头,流动性反转,52f3fa47b619e482,REJECTED,2025-11,0,0,0.0,0.0,0.0,0.0,0.0,0.0,0.0,0.0
区间扫低立即收回多头,流动性反转,52f3fa47b619e482,REJECTED,2025-12,0,0,0.0,0.0,0.0,0.0,0.0,0.0,0.0,0.0
区间扫低立即收回多头,流动性反转,52f3fa47b619e482,REJECTED,2026-01,0,0,0.0,0.0,0.0,0.0,0.0,0.0,0.0,0.0
区间扫低立即收回多头,流动性反转,52f3fa47b619e482,REJECTED,2026-02,0,0,0.0,0.0,0.0,0.0,0.0,0.0,0.0,0.0
区间扫低立即收回多头,流动性反转,52f3fa47b619e482,REJECTED,2026-03,0,0,0.0,0.0,0.0,0.0,0.0,0.0,0.0,0.0
区间扫低立即收回多头,流动性反转,52f3fa47b619e482,REJECTED,2026-04,0,0,0.0,0.0,0.0,0.0,0.0,0.0,0.0,0.0
区间扫低立即收回多头,流动性反转,52f3fa47b619e482,REJECTED,2026-05,3,1,0.3333333333333333,1.6952141234818747,0.20383827705439583,8.31646611214975,4.158233056074875,1.287537569373083,0.40767655410879167,0.4291791897910277
区间扫高立即跌回空头,流动性反转,77df21d40787c7a0,REJECTED,2025-05,0,0,0.0,0.0,0.0,0.0,0.0,0.0,0.0,0.0
区间扫高立即跌回空头,流动性反转,77df21d40787c7a0,REJECTED,2025-06,0,0,0.0,0.0,0.0,0.0,0.0,0.0,0.0,0.0
区间扫高立即跌回空头,流动性反转,77df21d40787c7a0,REJECTED,2025-07,0,0,0.0,0.0,0.0,0.0,0.0,0.0,0.0,0.0
区间扫高立即跌回空头,流动性反转,77df21d40787c7a0,REJECTED,2025-08,0,0,0.0,0.0,0.0,0.0,0.0,0.0,0.0,0.0
区间扫高立即跌回空头,流动性反转,77df21d40787c7a0,REJECTED,2025-09,0,0,0.0,0.0,0.0,0.0,0.0,0.0,0.0,0.0
区间扫高立即跌回空头,流动性反转,77df21d40787c7a0,REJECTED,2025-10,0,0,0.0,0.0,0.0,0.0,0.0,0.0,0.0,0.0
区间扫高立即跌回空头,流动性反转,77df21d40787c7a0,REJECTED,2025-11,0,0,0.0,0.0,0.0,0.0,0.0,0.0,0.0,0.0
区间扫高立即跌回空头,流动性反转,77df21d40787c7a0,REJECTED,2025-12,0,0,0.0,0.0,0.0,0.0,0.0,0.0,0.0,0.0
区间扫高立即跌回空头,流动性反转,77df21d40787c7a0,REJECTED,2026-01,0,0,0.0,0.0,0.0,0.0,0.0,0.0,0.0,0.0
区间扫高立即跌回空头,流动性反转,77df21d40787c7a0,REJECTED,2026-02,1,0,0.0,0.0,1.3044368488991718,0.0,0.0,-1.3044368488991718,1.3044368488991718,-1.3044368488991718
区间扫高立即跌回空头,流动性反转,77df21d40787c7a0,REJECTED,2026-03,3,1,0.3333333333333333,1.6971219202291914,0.20385858702174414,8.324995993659916,4.162497996829958,1.2894047461857032,0.4077171740434882,0.42980158206190106
区间扫高立即跌回空头,流动性反转,77df21d40787c7a0,REJECTED,2026-04,0,0,0.0,0.0,0.0,0.0,0.0,0.0,0.0,0.0
区间扫高立即跌回空头,流动性反转,77df21d40787c7a0,REJECTED,2026-05,0,0,0.0,0.0,0.0,0.0,0.0,0.0,0.0,0.0
扫低后确认K多头,流动性确认,2a8da9b9f57c9899,REJECTED,2025-05,0,0,0.0,0.0,0.0,0.0,0.0,0.0,0.0,0.0
扫低后确认K多头,流动性确认,2a8da9b9f57c9899,REJECTED,2025-06,0,0,0.0,0.0,0.0,0.0,0.0,0.0,0.0,0.0
扫低后确认K多头,流动性确认,2a8da9b9f57c9899,REJECTED,2025-07,0,0,0.0,0.0,0.0,0.0,0.0,0.0,0.0,0.0
扫低后确认K多头,流动性确认,2a8da9b9f57c9899,REJECTED,2025-08,0,0,0.0,0.0,0.0,0.0,0.0,0.0,0.0,0.0
扫低后确认K多头,流动性确认,2a8da9b9f57c9899,REJECTED,2025-09,0,0,0.0,0.0,0.0,0.0,0.0,0.0,0.0,0.0
扫低后确认K多头,流动性确认,2a8da9b9f57c9899,REJECTED,2025-10,0,0,0.0,0.0,0.0,0.0,0.0,0.0,0.0,0.0
扫低后确认K多头,流动性确认,2a8da9b9f57c9899,REJECTED,2025-11,0,0,0.0,0.0,0.0,0.0,0.0,0.0,0.0,0.0
扫低后确认K多头,流动性确认,2a8da9b9f57c9899,REJECTED,2025-12,0,0,0.0,0.0,0.0,0.0,0.0,0.0,0.0,0.0
扫低后确认K多头,流动性确认,2a8da9b9f57c9899,REJECTED,2026-01,0,0,0.0,0.0,0.0,0.0,0.0,0.0,0.0,0.0
扫低后确认K多头,流动性确认,2a8da9b9f57c9899,REJECTED,2026-02,0,0,0.0,0.0,0.0,0.0,0.0,0.0,0.0,0.0
扫低后确认K多头,流动性确认,2a8da9b9f57c9899,REJECTED,2026-03,0,0,0.0,0.0,0.0,0.0,0.0,0.0,0.0,0.0
扫低后确认K多头,流动性确认,2a8da9b9f57c9899,REJECTED,2026-04,0,0,0.0,0.0,0.0,0.0,0.0,0.0,0.0,0.0
扫低后确认K多头,流动性确认,2a8da9b9f57c9899,REJECTED,2026-05,3,1,0.3333333333333333,1.6952172522010793,0.7535713398396482,2.249577661169815,1.1247888305849074,0.1880745725217829,1.3032730625724,0.06269152417392763
扫高后确认K空头,流动性确认,2605712f51fd787a,REJECTED,2025-05,0,0,0.0,0.0,0.0,0.0,0.0,0.0,0.0,0.0
扫高后确认K空头,流动性确认,2605712f51fd787a,REJECTED,2025-06,0,0,0.0,0.0,0.0,0.0,0.0,0.0,0.0,0.0
扫高后确认K空头,流动性确认,2605712f51fd787a,REJECTED,2025-07,0,0,0.0,0.0,0.0,0.0,0.0,0.0,0.0,0.0
扫高后确认K空头,流动性确认,2605712f51fd787a,REJECTED,2025-08,0,0,0.0,0.0,0.0,0.0,0.0,0.0,0.0,0.0
扫高后确认K空头,流动性确认,2605712f51fd787a,REJECTED,2025-09,0,0,0.0,0.0,0.0,0.0,0.0,0.0,0.0,0.0
扫高后确认K空头,流动性确认,2605712f51fd787a,REJECTED,2025-10,0,0,0.0,0.0,0.0,0.0,0.0,0.0,0.0,0.0
扫高后确认K空头,流动性确认,2605712f51fd787a,REJECTED,2025-11,0,0,0.0,0.0,0.0,0.0,0.0,0.0,0.0,0.0
扫高后确认K空头,流动性确认,2605712f51fd787a,REJECTED,2025-12,0,0,0.0,0.0,0.0,0.0,0.0,0.0,0.0,0.0
扫高后确认K空头,流动性确认,2605712f51fd787a,REJECTED,2026-01,0,0,0.0,0.0,0.0,0.0,0.0,0.0,0.0,0.0
扫高后确认K空头,流动性确认,2605712f51fd787a,REJECTED,2026-02,0,0,0.0,0.0,0.0,0.0,0.0,0.0,0.0,0.0
扫高后确认K空头,流动性确认,2605712f51fd787a,REJECTED,2026-03,0,0,0.0,0.0,0.0,0.0,0.0,0.0,0.0,0.0
扫高后确认K空头,流动性确认,2605712f51fd787a,REJECTED,2026-04,0,0,0.0,0.0,0.0,0.0,0.0,0.0,0.0,0.0
扫高后确认K空头,流动性确认,2605712f51fd787a,REJECTED,2026-05,0,0,0.0,0.0,0.0,0.0,0.0,0.0,0.0,0.0
区间二次测试不破多头,二次测试,5911315f52956132,REJECTED,2025-05,3,1,0.3333333333333333,1.6953878014577437,0.7534230715560302,2.2502467278527747,1.1251233639263873,0.18854165834568337,1.5068461431120603,0.06284721944856113
区间二次测试不破多头,二次测试,5911315f52956132,REJECTED,2025-06,0,0,0.0,0.0,0.0,0.0,0.0,0.0,0.0,0.0
区间二次测试不破多头,二次测试,5911315f52956132,REJECTED,2025-07,0,0,0.0,0.0,0.0,0.0,0.0,0.0,0.0,0.0
区间二次测试不破多头,二次测试,5911315f52956132,REJECTED,2025-08,0,0,0.0,0.0,0.0,0.0,0.0,0.0,0.0,0.0
区间二次测试不破多头,二次测试,5911315f52956132,REJECTED,2025-09,0,0,0.0,0.0,0.0,0.0,0.0,0.0,0.0,0.0
区间二次测试不破多头,二次测试,5911315f52956132,REJECTED,2025-10,0,0,0.0,0.0,0.0,0.0,0.0,0.0,0.0,0.0
区间二次测试不破多头,二次测试,5911315f52956132,REJECTED,2025-11,0,0,0.0,0.0,0.0,0.0,0.0,0.0,0.0,0.0
区间二次测试不破多头,二次测试,5911315f52956132,REJECTED,2025-12,0,0,0.0,0.0,0.0,0.0,0.0,0.0,0.0,0.0
区间二次测试不破多头,二次测试,5911315f52956132,REJECTED,2026-01,0,0,0.0,0.0,0.0,0.0,0.0,0.0,0.0,0.0
区间二次测试不破多头,二次测试,5911315f52956132,REJECTED,2026-02,0,0,0.0,0.0,0.0,0.0,0.0,0.0,0.0,0.0
区间二次测试不破多头,二次测试,5911315f52956132,REJECTED,2026-03,0,0,0.0,0.0,0.0,0.0,0.0,0.0,0.0,0.0
区间二次测试不破多头,二次测试,5911315f52956132,REJECTED,2026-04,0,0,0.0,0.0,0.0,0.0,0.0,0.0,0.0,0.0
区间二次测试不破多头,二次测试,5911315f52956132,REJECTED,2026-05,0,0,0.0,0.0,0.0,0.0,0.0,0.0,0.0,0.0
区间二次测试不破空头,二次测试,add1fc0880238799,REJECTED,2025-05,0,0,0.0,0.0,0.0,0.0,0.0,0.0,0.0,0.0
区间二次测试不破空头,二次测试,add1fc0880238799,REJECTED,2025-06,0,0,0.0,0.0,0.0,0.0,0.0,0.0,0.0,0.0
区间二次测试不破空头,二次测试,add1fc0880238799,REJECTED,2025-07,0,0,0.0,0.0,0.0,0.0,0.0,0.0,0.0,0.0
区间二次测试不破空头,二次测试,add1fc0880238799,REJECTED,2025-08,0,0,0.0,0.0,0.0,0.0,0.0,0.0,0.0,0.0
区间二次测试不破空头,二次测试,add1fc0880238799,REJECTED,2025-09,0,0,0.0,0.0,0.0,0.0,0.0,0.0,0.0,0.0
区间二次测试不破空头,二次测试,add1fc0880238799,REJECTED,2025-10,0,0,0.0,0.0,0.0,0.0,0.0,0.0,0.0,0.0
区间二次测试不破空头,二次测试,add1fc0880238799,REJECTED,2025-11,0,0,0.0,0.0,0.0,0.0,0.0,0.0,0.0,0.0
区间二次测试不破空头,二次测试,add1fc0880238799,REJECTED,2025-12,0,0,0.0,0.0,0.0,0.0,0.0,0.0,0.0,0.0
区间二次测试不破空头,二次测试,add1fc0880238799,REJECTED,2026-01,0,0,0.0,0.0,0.0,0.0,0.0,0.0,0.0,0.0
区间二次测试不破空头,二次测试,add1fc0880238799,REJECTED,2026-02,0,0,0.0,0.0,0.0,0.0,0.0,0.0,0.0,0.0
区间二次测试不破空头,二次测试,add1fc0880238799,REJECTED,2026-03,3,1,0.3333333333333333,1.6971258918416485,0.7541287451013947,2.2504458328444503,1.1252229164222252,0.18886840163885907,1.304419958592522,0.0629561338796197
区间二次测试不破空头,二次测试,add1fc0880238799,REJECTED,2026-04,1,0,0.0,0.0,1.3043699315826711,0.0,0.0,-1.3043699315826711,1.3043699315826711,-1.3043699315826711
区间二次测试不破空头,二次测试,add1fc0880238799,REJECTED,2026-05,0,0,0.0,0.0,0.0,0.0,0.0,0.0,0.0,0.0
扫低后站回VWAP多头,流动性VWAP,8faa2dfdd58009bb,REJECTED,2025-05,0,0,0.0,0.0,0.0,0.0,0.0,0.0,0.0,0.0
扫低后站回VWAP多头,流动性VWAP,8faa2dfdd58009bb,REJECTED,2025-06,0,0,0.0,0.0,0.0,0.0,0.0,0.0,0.0,0.0
扫低后站回VWAP多头,流动性VWAP,8faa2dfdd58009bb,REJECTED,2025-07,0,0,0.0,0.0,0.0,0.0,0.0,0.0,0.0,0.0
扫低后站回VWAP多头,流动性VWAP,8faa2dfdd58009bb,REJECTED,2025-08,0,0,0.0,0.0,0.0,0.0,0.0,0.0,0.0,0.0
扫低后站回VWAP多头,流动性VWAP,8faa2dfdd58009bb,REJECTED,2025-09,0,0,0.0,0.0,0.0,0.0,0.0,0.0,0.0,0.0
扫低后站回VWAP多头,流动性VWAP,8faa2dfdd58009bb,REJECTED,2025-10,0,0,0.0,0.0,0.0,0.0,0.0,0.0,0.0,0.0
扫低后站回VWAP多头,流动性VWAP,8faa2dfdd58009bb,REJECTED,2025-11,0,0,0.0,0.0,0.0,0.0,0.0,0.0,0.0,0.0
扫低后站回VWAP多头,流动性VWAP,8faa2dfdd58009bb,REJECTED,2025-12,0,0,0.0,0.0,0.0,0.0,0.0,0.0,0.0,0.0
扫低后站回VWAP多头,流动性VWAP,8faa2dfdd58009bb,REJECTED,2026-01,0,0,0.0,0.0,0.0,0.0,0.0,0.0,0.0,0.0
扫低后站回VWAP多头,流动性VWAP,8faa2dfdd58009bb,REJECTED,2026-02,0,0,0.0,0.0,0.0,0.0,0.0,0.0,0.0,0.0
扫低后站回VWAP多头,流动性VWAP,8faa2dfdd58009bb,REJECTED,2026-03,0,0,0.0,0.0,0.0,0.0,0.0,0.0,0.0,0.0
扫低后站回VWAP多头,流动性VWAP,8faa2dfdd58009bb,REJECTED,2026-04,0,0,0.0,0.0,0.0,0.0,0.0,0.0,0.0,0.0
扫低后站回VWAP多头,流动性VWAP,8faa2dfdd58009bb,REJECTED,2026-05,0,0,0.0,0.0,0.0,0.0,0.0,0.0,0.0,0.0
扫高后跌破VWAP空头,流动性VWAP,98c02f47708ca242,REJECTED,2025-05,0,0,0.0,0.0,0.0,0.0,0.0,0.0,0.0,0.0
扫高后跌破VWAP空头,流动性VWAP,98c02f47708ca242,REJECTED,2025-06,0,0,0.0,0.0,0.0,0.0,0.0,0.0,0.0,0.0
扫高后跌破VWAP空头,流动性VWAP,98c02f47708ca242,REJECTED,2025-07,0,0,0.0,0.0,0.0,0.0,0.0,0.0,0.0,0.0
扫高后跌破VWAP空头,流动性VWAP,98c02f47708ca242,REJECTED,2025-08,0,0,0.0,0.0,0.0,0.0,0.0,0.0,0.0,0.0
扫高后跌破VWAP空头,流动性VWAP,98c02f47708ca242,REJECTED,2025-09,0,0,0.0,0.0,0.0,0.0,0.0,0.0,0.0,0.0
扫高后跌破VWAP空头,流动性VWAP,98c02f47708ca242,REJECTED,2025-10,0,0,0.0,0.0,0.0,0.0,0.0,0.0,0.0,0.0
扫高后跌破VWAP空头,流动性VWAP,98c02f47708ca242,REJECTED,2025-11,0,0,0.0,0.0,0.0,0.0,0.0,0.0,0.0,0.0
扫高后跌破VWAP空头,流动性VWAP,98c02f47708ca242,REJECTED,2025-12,0,0,0.0,0.0,0.0,0.0,0.0,0.0,0.0,0.0
扫高后跌破VWAP空头,流动性VWAP,98c02f47708ca242,REJECTED,2026-01,0,0,0.0,0.0,0.0,0.0,0.0,0.0,0.0,0.0
扫高后跌破VWAP空头,流动性VWAP,98c02f47708ca242,REJECTED,2026-02,0,0,0.0,0.0,0.0,0.0,0.0,0.0,0.0,0.0
扫高后跌破VWAP空头,流动性VWAP,98c02f47708ca242,REJECTED,2026-03,0,0,0.0,0.0,0.0,0.0,0.0,0.0,0.0,0.0
扫高后跌破VWAP空头,流动性VWAP,98c02f47708ca242,REJECTED,2026-04,0,0,0.0,0.0,0.0,0.0,0.0,0.0,0.0,0.0
扫高后跌破VWAP空头,流动性VWAP,98c02f47708ca242,REJECTED,2026-05,0,0,0.0,0.0,0.0,0.0,0.0,0.0,0.0,0.0
BTC弱于ETH背离修复多头,跨资产背离,afac444025613291,REJECTED,2025-05,0,0,0.0,0.0,0.0,0.0,0.0,0.0,0.0,0.0
BTC弱于ETH背离修复多头,跨资产背离,afac444025613291,REJECTED,2025-06,0,0,0.0,0.0,0.0,0.0,0.0,0.0,0.0,0.0
BTC弱于ETH背离修复多头,跨资产背离,afac444025613291,REJECTED,2025-07,0,0,0.0,0.0,0.0,0.0,0.0,0.0,0.0,0.0
BTC弱于ETH背离修复多头,跨资产背离,afac444025613291,REJECTED,2025-08,0,0,0.0,0.0,0.0,0.0,0.0,0.0,0.0,0.0
BTC弱于ETH背离修复多头,跨资产背离,afac444025613291,REJECTED,2025-09,0,0,0.0,0.0,0.0,0.0,0.0,0.0,0.0,0.0
BTC弱于ETH背离修复多头,跨资产背离,afac444025613291,REJECTED,2025-10,0,0,0.0,0.0,0.0,0.0,0.0,0.0,0.0,0.0
BTC弱于ETH背离修复多头,跨资产背离,afac444025613291,REJECTED,2025-11,0,0,0.0,0.0,0.0,0.0,0.0,0.0,0.0,0.0
BTC弱于ETH背离修复多头,跨资产背离,afac444025613291,REJECTED,2025-12,0,0,0.0,0.0,0.0,0.0,0.0,0.0,0.0,0.0
BTC弱于ETH背离修复多头,跨资产背离,afac444025613291,REJECTED,2026-01,0,0,0.0,0.0,0.0,0.0,0.0,0.0,0.0,0.0
BTC弱于ETH背离修复多头,跨资产背离,afac444025613291,REJECTED,2026-02,0,0,0.0,0.0,0.0,0.0,0.0,0.0,0.0,0.0
BTC弱于ETH背离修复多头,跨资产背离,afac444025613291,REJECTED,2026-03,0,0,0.0,0.0,0.0,0.0,0.0,0.0,0.0,0.0
BTC弱于ETH背离修复多头,跨资产背离,afac444025613291,REJECTED,2026-04,0,0,0.0,0.0,0.0,0.0,0.0,0.0,0.0,0.0
BTC弱于ETH背离修复多头,跨资产背离,afac444025613291,REJECTED,2026-05,0,0,0.0,0.0,0.0,0.0,0.0,0.0,0.0,0.0
BTC强于ETH背离修复空头,跨资产背离,fca571982b7c88a0,CANDIDATE,2025-05,0,0,0.0,0.0,0.0,0.0,0.0,0.0,0.0,0.0
BTC强于ETH背离修复空头,跨资产背离,fca571982b7c88a0,CANDIDATE,2025-06,0,0,0.0,0.0,0.0,0.0,0.0,0.0,0.0,0.0
BTC强于ETH背离修复空头,跨资产背离,fca571982b7c88a0,CANDIDATE,2025-07,0,0,0.0,0.0,0.0,0.0,0.0,0.0,0.0,0.0
BTC强于ETH背离修复空头,跨资产背离,fca571982b7c88a0,CANDIDATE,2025-08,0,0,0.0,0.0,0.0,0.0,0.0,0.0,0.0,0.0
BTC强于ETH背离修复空头,跨资产背离,fca571982b7c88a0,CANDIDATE,2025-09,0,0,0.0,0.0,0.0,0.0,0.0,0.0,0.0,0.0
BTC强于ETH背离修复空头,跨资产背离,fca571982b7c88a0,CANDIDATE,2025-10,0,0,0.0,0.0,0.0,0.0,0.0,0.0,0.0,0.0
BTC强于ETH背离修复空头,跨资产背离,fca571982b7c88a0,CANDIDATE,2025-11,0,0,0.0,0.0,0.0,0.0,0.0,0.0,0.0,0.0
BTC强于ETH背离修复空头,跨资产背离,fca571982b7c88a0,CANDIDATE,2025-12,1,1,1.0,1.890496985958381,0.0,999.0,999.0,1.890496985958381,0.0,1.890496985958381
BTC强于ETH背离修复空头,跨资产背离,fca571982b7c88a0,CANDIDATE,2026-01,2,0,0.0,0.0,0.6733815159810935,0.0,0.0,-1.346763031962187,1.346763031962187,-0.6733815159810935
BTC强于ETH背离修复空头,跨资产背离,fca571982b7c88a0,CANDIDATE,2026-02,0,0,0.0,0.0,0.0,0.0,0.0,0.0,0.0,0.0
BTC强于ETH背离修复空头,跨资产背离,fca571982b7c88a0,CANDIDATE,2026-03,0,0,0.0,0.0,0.0,0.0,0.0,0.0,0.0,0.0
BTC强于ETH背离修复空头,跨资产背离,fca571982b7c88a0,CANDIDATE,2026-04,3,2,0.6666666666666666,1.8573518237871882,1.194673848969825,1.5546936307250676,3.109387261450135,2.5200297986045515,1.194673848969825,0.8400099328681838
BTC强于ETH背离修复空头,跨资产背离,fca571982b7c88a0,CANDIDATE,2026-05,0,0,0.0,0.0,0.0,0.0,0.0,0.0,0.0,0.0
压缩后首次放量突破多头,波动扩张,637dd7099e42148f,REJECTED,2025-05,0,0,0.0,0.0,0.0,0.0,0.0,0.0,0.0,0.0
压缩后首次放量突破多头,波动扩张,637dd7099e42148f,REJECTED,2025-06,0,0,0.0,0.0,0.0,0.0,0.0,0.0,0.0,0.0
压缩后首次放量突破多头,波动扩张,637dd7099e42148f,REJECTED,2025-07,0,0,0.0,0.0,0.0,0.0,0.0,0.0,0.0,0.0
压缩后首次放量突破多头,波动扩张,637dd7099e42148f,REJECTED,2025-08,0,0,0.0,0.0,0.0,0.0,0.0,0.0,0.0,0.0
压缩后首次放量突破多头,波动扩张,637dd7099e42148f,REJECTED,2025-09,0,0,0.0,0.0,0.0,0.0,0.0,0.0,0.0,0.0
压缩后首次放量突破多头,波动扩张,637dd7099e42148f,REJECTED,2025-10,0,0,0.0,0.0,0.0,0.0,0.0,0.0,0.0,0.0
压缩后首次放量突破多头,波动扩张,637dd7099e42148f,REJECTED,2025-11,0,0,0.0,0.0,0.0,0.0,0.0,0.0,0.0,0.0
压缩后首次放量突破多头,波动扩张,637dd7099e42148f,REJECTED,2025-12,0,0,0.0,0.0,0.0,0.0,0.0,0.0,0.0,0.0
压缩后首次放量突破多头,波动扩张,637dd7099e42148f,REJECTED,2026-01,0,0,0.0,0.0,0.0,0.0,0.0,0.0,0.0,0.0
压缩后首次放量突破多头,波动扩张,637dd7099e42148f,REJECTED,2026-02,0,0,0.0,0.0,0.0,0.0,0.0,0.0,0.0,0.0
压缩后首次放量突破多头,波动扩张,637dd7099e42148f,REJECTED,2026-03,0,0,0.0,0.0,0.0,0.0,0.0,0.0,0.0,0.0
压缩后首次放量突破多头,波动扩张,637dd7099e42148f,REJECTED,2026-04,0,0,0.0,0.0,0.0,0.0,0.0,0.0,0.0,0.0
压缩后首次放量突破多头,波动扩张,637dd7099e42148f,REJECTED,2026-05,0,0,0.0,0.0,0.0,0.0,0.0,0.0,0.0,0.0
压缩后首次放量突破空头,波动扩张,59bcc3e64f2c7f94,REJECTED,2025-05,0,0,0.0,0.0,0.0,0.0,0.0,0.0,0.0,0.0
压缩后首次放量突破空头,波动扩张,59bcc3e64f2c7f94,REJECTED,2025-06,0,0,0.0,0.0,0.0,0.0,0.0,0.0,0.0,0.0
压缩后首次放量突破空头,波动扩张,59bcc3e64f2c7f94,REJECTED,2025-07,0,0,0.0,0.0,0.0,0.0,0.0,0.0,0.0,0.0
压缩后首次放量突破空头,波动扩张,59bcc3e64f2c7f94,REJECTED,2025-08,0,0,0.0,0.0,0.0,0.0,0.0,0.0,0.0,0.0
压缩后首次放量突破空头,波动扩张,59bcc3e64f2c7f94,REJECTED,2025-09,3,0,0.0,0.0,0.733009114998414,0.0,0.0,-2.199027344995242,2.199027344995242,-0.733009114998414
压缩后首次放量突破空头,波动扩张,59bcc3e64f2c7f94,REJECTED,2025-10,0,0,0.0,0.0,0.0,0.0,0.0,0.0,0.0,0.0
压缩后首次放量突破空头,波动扩张,59bcc3e64f2c7f94,REJECTED,2025-11,0,0,0.0,0.0,0.0,0.0,0.0,0.0,0.0,0.0
压缩后首次放量突破空头,波动扩张,59bcc3e64f2c7f94,REJECTED,2025-12,0,0,0.0,0.0,0.0,0.0,0.0,0.0,0.0,0.0
压缩后首次放量突破空头,波动扩张,59bcc3e64f2c7f94,REJECTED,2026-01,0,0,0.0,0.0,0.0,0.0,0.0,0.0,0.0,0.0
压缩后首次放量突破空头,波动扩张,59bcc3e64f2c7f94,REJECTED,2026-02,0,0,0.0,0.0,0.0,0.0,0.0,0.0,0.0,0.0
压缩后首次放量突破空头,波动扩张,59bcc3e64f2c7f94,REJECTED,2026-03,0,0,0.0,0.0,0.0,0.0,0.0,0.0,0.0,0.0
压缩后首次放量突破空头,波动扩张,59bcc3e64f2c7f94,REJECTED,2026-04,0,0,0.0,0.0,0.0,0.0,0.0,0.0,0.0,0.0
压缩后首次放量突破空头,波动扩张,59bcc3e64f2c7f94,REJECTED,2026-05,0,0,0.0,0.0,0.0,0.0,0.0,0.0,0.0,0.0
向下假突破回区间多头,假突破反转,d5f361a753574b48,REJECTED,2025-05,1,0,0.0,0.0,1.3031140960605154,0.0,0.0,-1.3031140960605154,1.3031140960605154,-1.3031140960605154
向下假突破回区间多头,假突破反转,d5f361a753574b48,REJECTED,2025-06,0,0,0.0,0.0,0.0,0.0,0.0,0.0,0.0,0.0
向下假突破回区间多头,假突破反转,d5f361a753574b48,REJECTED,2025-07,0,0,0.0,0.0,0.0,0.0,0.0,0.0,0.0,0.0
向下假突破回区间多头,假突破反转,d5f361a753574b48,REJECTED,2025-08,0,0,0.0,0.0,0.0,0.0,0.0,0.0,0.0,0.0
向下假突破回区间多头,假突破反转,d5f361a753574b48,REJECTED,2025-09,0,0,0.0,0.0,0.0,0.0,0.0,0.0,0.0,0.0
向下假突破回区间多头,假突破反转,d5f361a753574b48,REJECTED,2025-10,0,0,0.0,0.0,0.0,0.0,0.0,0.0,0.0,0.0
向下假突破回区间多头,假突破反转,d5f361a753574b48,REJECTED,2025-11,0,0,0.0,0.0,0.0,0.0,0.0,0.0,0.0,0.0
向下假突破回区间多头,假突破反转,d5f361a753574b48,REJECTED,2025-12,0,0,0.0,0.0,0.0,0.0,0.0,0.0,0.0,0.0
向下假突破回区间多头,假突破反转,d5f361a753574b48,REJECTED,2026-01,0,0,0.0,0.0,0.0,0.0,0.0,0.0,0.0,0.0
向下假突破回区间多头,假突破反转,d5f361a753574b48,REJECTED,2026-02,0,0,0.0,0.0,0.0,0.0,0.0,0.0,0.0,0.0
向下假突破回区间多头,假突破反转,d5f361a753574b48,REJECTED,2026-03,0,0,0.0,0.0,0.0,0.0,0.0,0.0,0.0,0.0
向下假突破回区间多头,假突破反转,d5f361a753574b48,REJECTED,2026-04,0,0,0.0,0.0,0.0,0.0,0.0,0.0,0.0,0.0
向下假突破回区间多头,假突破反转,d5f361a753574b48,REJECTED,2026-05,0,0,0.0,0.0,0.0,0.0,0.0,0.0,0.0,0.0
向上假突破回区间空头,假突破反转,5f2fe4ee3fec03dd,REJECTED,2025-05,0,0,0.0,0.0,0.0,0.0,0.0,0.0,0.0,0.0
向上假突破回区间空头,假突破反转,5f2fe4ee3fec03dd,REJECTED,2025-06,0,0,0.0,0.0,0.0,0.0,0.0,0.0,0.0,0.0
向上假突破回区间空头,假突破反转,5f2fe4ee3fec03dd,REJECTED,2025-07,0,0,0.0,0.0,0.0,0.0,0.0,0.0,0.0,0.0
向上假突破回区间空头,假突破反转,5f2fe4ee3fec03dd,REJECTED,2025-08,0,0,0.0,0.0,0.0,0.0,0.0,0.0,0.0,0.0
向上假突破回区间空头,假突破反转,5f2fe4ee3fec03dd,REJECTED,2025-09,0,0,0.0,0.0,0.0,0.0,0.0,0.0,0.0,0.0
向上假突破回区间空头,假突破反转,5f2fe4ee3fec03dd,REJECTED,2025-10,0,0,0.0,0.0,0.0,0.0,0.0,0.0,0.0,0.0
向上假突破回区间空头,假突破反转,5f2fe4ee3fec03dd,REJECTED,2025-11,0,0,0.0,0.0,0.0,0.0,0.0,0.0,0.0,0.0
向上假突破回区间空头,假突破反转,5f2fe4ee3fec03dd,REJECTED,2025-12,0,0,0.0,0.0,0.0,0.0,0.0,0.0,0.0,0.0
向上假突破回区间空头,假突破反转,5f2fe4ee3fec03dd,REJECTED,2026-01,0,0,0.0,0.0,0.0,0.0,0.0,0.0,0.0,0.0
向上假突破回区间空头,假突破反转,5f2fe4ee3fec03dd,REJECTED,2026-02,0,0,0.0,0.0,0.0,0.0,0.0,0.0,0.0,0.0
向上假突破回区间空头,假突破反转,5f2fe4ee3fec03dd,REJECTED,2026-03,0,0,0.0,0.0,0.0,0.0,0.0,0.0,0.0,0.0
向上假突破回区间空头,假突破反转,5f2fe4ee3fec03dd,REJECTED,2026-04,0,0,0.0,0.0,0.0,0.0,0.0,0.0,0.0,0.0
向上假突破回区间空头,假突破反转,5f2fe4ee3fec03dd,REJECTED,2026-05,0,0,0.0,0.0,0.0,0.0,0.0,0.0,0.0,0.0
资金费率极端回归多头,衍生品反转,fcc89570f6af5d59,REJECTED,2025-05,0,0,0.0,0.0,0.0,0.0,0.0,0.0,0.0,0.0
资金费率极端回归多头,衍生品反转,fcc89570f6af5d59,REJECTED,2025-06,0,0,0.0,0.0,0.0,0.0,0.0,0.0,0.0,0.0
资金费率极端回归多头,衍生品反转,fcc89570f6af5d59,REJECTED,2025-07,0,0,0.0,0.0,0.0,0.0,0.0,0.0,0.0,0.0
资金费率极端回归多头,衍生品反转,fcc89570f6af5d59,REJECTED,2025-08,0,0,0.0,0.0,0.0,0.0,0.0,0.0,0.0,0.0
资金费率极端回归多头,衍生品反转,fcc89570f6af5d59,REJECTED,2025-09,0,0,0.0,0.0,0.0,0.0,0.0,0.0,0.0,0.0
资金费率极端回归多头,衍生品反转,fcc89570f6af5d59,REJECTED,2025-10,0,0,0.0,0.0,0.0,0.0,0.0,0.0,0.0,0.0
资金费率极端回归多头,衍生品反转,fcc89570f6af5d59,REJECTED,2025-11,0,0,0.0,0.0,0.0,0.0,0.0,0.0,0.0,0.0
资金费率极端回归多头,衍生品反转,fcc89570f6af5d59,REJECTED,2025-12,0,0,0.0,0.0,0.0,0.0,0.0,0.0,0.0,0.0
资金费率极端回归多头,衍生品反转,fcc89570f6af5d59,REJECTED,2026-01,0,0,0.0,0.0,0.0,0.0,0.0,0.0,0.0,0.0
资金费率极端回归多头,衍生品反转,fcc89570f6af5d59,REJECTED,2026-02,0,0,0.0,0.0,0.0,0.0,0.0,0.0,0.0,0.0
资金费率极端回归多头,衍生品反转,fcc89570f6af5d59,REJECTED,2026-03,0,0,0.0,0.0,0.0,0.0,0.0,0.0,0.0,0.0
资金费率极端回归多头,衍生品反转,fcc89570f6af5d59,REJECTED,2026-04,0,0,0.0,0.0,0.0,0.0,0.0,0.0,0.0,0.0
资金费率极端回归多头,衍生品反转,fcc89570f6af5d59,REJECTED,2026-05,0,0,0.0,0.0,0.0,0.0,0.0,0.0,0.0,0.0
资金费率极端回归空头,衍生品反转,ab1a7bf6d11e9bd8,REJECTED,2025-05,0,0,0.0,0.0,0.0,0.0,0.0,0.0,0.0,0.0
资金费率极端回归空头,衍生品反转,ab1a7bf6d11e9bd8,REJECTED,2025-06,0,0,0.0,0.0,0.0,0.0,0.0,0.0,0.0,0.0
资金费率极端回归空头,衍生品反转,ab1a7bf6d11e9bd8,REJECTED,2025-07,3,0,0.0,0.0,0.9372401560973608,0.0,0.0,-2.811720468292082,2.811720468292082,-0.9372401560973608
资金费率极端回归空头,衍生品反转,ab1a7bf6d11e9bd8,REJECTED,2025-08,0,0,0.0,0.0,0.0,0.0,0.0,0.0,0.0,0.0
资金费率极端回归空头,衍生品反转,ab1a7bf6d11e9bd8,REJECTED,2025-09,0,0,0.0,0.0,0.0,0.0,0.0,0.0,0.0,0.0
资金费率极端回归空头,衍生品反转,ab1a7bf6d11e9bd8,REJECTED,2025-10,0,0,0.0,0.0,0.0,0.0,0.0,0.0,0.0,0.0
资金费率极端回归空头,衍生品反转,ab1a7bf6d11e9bd8,REJECTED,2025-11,0,0,0.0,0.0,0.0,0.0,0.0,0.0,0.0,0.0
资金费率极端回归空头,衍生品反转,ab1a7bf6d11e9bd8,REJECTED,2025-12,0,0,0.0,0.0,0.0,0.0,0.0,0.0,0.0,0.0
资金费率极端回归空头,衍生品反转,ab1a7bf6d11e9bd8,REJECTED,2026-01,0,0,0.0,0.0,0.0,0.0,0.0,0.0,0.0,0.0
资金费率极端回归空头,衍生品反转,ab1a7bf6d11e9bd8,REJECTED,2026-02,0,0,0.0,0.0,0.0,0.0,0.0,0.0,0.0,0.0
资金费率极端回归空头,衍生品反转,ab1a7bf6d11e9bd8,REJECTED,2026-03,0,0,0.0,0.0,0.0,0.0,0.0,0.0,0.0,0.0
资金费率极端回归空头,衍生品反转,ab1a7bf6d11e9bd8,REJECTED,2026-04,0,0,0.0,0.0,0.0,0.0,0.0,0.0,0.0,0.0
资金费率极端回归空头,衍生品反转,ab1a7bf6d11e9bd8,REJECTED,2026-05,0,0,0.0,0.0,0.0,0.0,0.0,0.0,0.0,0.0
合约溢价极端修复多头,基差反转,48c0a571f023845e,REJECTED,2025-05,0,0,0.0,0.0,0.0,0.0,0.0,0.0,0.0,0.0
合约溢价极端修复多头,基差反转,48c0a571f023845e,REJECTED,2025-06,0,0,0.0,0.0,0.0,0.0,0.0,0.0,0.0,0.0
合约溢价极端修复多头,基差反转,48c0a571f023845e,REJECTED,2025-07,1,0,0.0,0.0,0.20363843820611607,0.0,0.0,-0.20363843820611607,0.20363843820611607,-0.20363843820611607
合约溢价极端修复多头,基差反转,48c0a571f023845e,REJECTED,2025-08,0,0,0.0,0.0,0.0,0.0,0.0,0.0,0.0,0.0
合约溢价极端修复多头,基差反转,48c0a571f023845e,REJECTED,2025-09,0,0,0.0,0.0,0.0,0.0,0.0,0.0,0.0,0.0
合约溢价极端修复多头,基差反转,48c0a571f023845e,REJECTED,2025-10,0,0,0.0,0.0,0.0,0.0,0.0,0.0,0.0,0.0
合约溢价极端修复多头,基差反转,48c0a571f023845e,REJECTED,2025-11,0,0,0.0,0.0,0.0,0.0,0.0,0.0,0.0,0.0
合约溢价极端修复多头,基差反转,48c0a571f023845e,REJECTED,2025-12,0,0,0.0,0.0,0.0,0.0,0.0,0.0,0.0,0.0
合约溢价极端修复多头,基差反转,48c0a571f023845e,REJECTED,2026-01,0,0,0.0,0.0,0.0,0.0,0.0,0.0,0.0,0.0
合约溢价极端修复多头,基差反转,48c0a571f023845e,REJECTED,2026-02,0,0,0.0,0.0,0.0,0.0,0.0,0.0,0.0,0.0
合约溢价极端修复多头,基差反转,48c0a571f023845e,REJECTED,2026-03,0,0,0.0,0.0,0.0,0.0,0.0,0.0,0.0,0.0
合约溢价极端修复多头,基差反转,48c0a571f023845e,REJECTED,2026-04,0,0,0.0,0.0,0.0,0.0,0.0,0.0,0.0,0.0
合约溢价极端修复多头,基差反转,48c0a571f023845e,REJECTED,2026-05,0,0,0.0,0.0,0.0,0.0,0.0,0.0,0.0,0.0
合约溢价极端修复空头,基差反转,9cc0c5de692aa62f,REJECTED,2025-05,0,0,0.0,0.0,0.0,0.0,0.0,0.0,0.0,0.0
合约溢价极端修复空头,基差反转,9cc0c5de692aa62f,REJECTED,2025-06,0,0,0.0,0.0,0.0,0.0,0.0,0.0,0.0,0.0
合约溢价极端修复空头,基差反转,9cc0c5de692aa62f,REJECTED,2025-07,0,0,0.0,0.0,0.0,0.0,0.0,0.0,0.0,0.0
合约溢价极端修复空头,基差反转,9cc0c5de692aa62f,REJECTED,2025-08,0,0,0.0,0.0,0.0,0.0,0.0,0.0,0.0,0.0
合约溢价极端修复空头,基差反转,9cc0c5de692aa62f,REJECTED,2025-09,0,0,0.0,0.0,0.0,0.0,0.0,0.0,0.0,0.0
合约溢价极端修复空头,基差反转,9cc0c5de692aa62f,REJECTED,2025-10,0,0,0.0,0.0,0.0,0.0,0.0,0.0,0.0,0.0
合约溢价极端修复空头,基差反转,9cc0c5de692aa62f,REJECTED,2025-11,0,0,0.0,0.0,0.0,0.0,0.0,0.0,0.0,0.0
合约溢价极端修复空头,基差反转,9cc0c5de692aa62f,REJECTED,2025-12,0,0,0.0,0.0,0.0,0.0,0.0,0.0,0.0,0.0
合约溢价极端修复空头,基差反转,9cc0c5de692aa62f,REJECTED,2026-01,0,0,0.0,0.0,0.0,0.0,0.0,0.0,0.0,0.0
合约溢价极端修复空头,基差反转,9cc0c5de692aa62f,REJECTED,2026-02,0,0,0.0,0.0,0.0,0.0,0.0,0.0,0.0,0.0
合约溢价极端修复空头,基差反转,9cc0c5de692aa62f,REJECTED,2026-03,0,0,0.0,0.0,0.0,0.0,0.0,0.0,0.0,0.0
合约溢价极端修复空头,基差反转,9cc0c5de692aa62f,REJECTED,2026-04,0,0,0.0,0.0,0.0,0.0,0.0,0.0,0.0,0.0
合约溢价极端修复空头,基差反转,9cc0c5de692aa62f,REJECTED,2026-05,0,0,0.0,0.0,0.0,0.0,0.0,0.0,0.0,0.0
欧美开盘区间突破多头,开盘突破,f9b0b97528e653e7,REJECTED,2025-05,0,0,0.0,0.0,0.0,0.0,0.0,0.0,0.0,0.0
欧美开盘区间突破多头,开盘突破,f9b0b97528e653e7,REJECTED,2025-06,0,0,0.0,0.0,0.0,0.0,0.0,0.0,0.0,0.0
欧美开盘区间突破多头,开盘突破,f9b0b97528e653e7,REJECTED,2025-07,0,0,0.0,0.0,0.0,0.0,0.0,0.0,0.0,0.0
欧美开盘区间突破多头,开盘突破,f9b0b97528e653e7,REJECTED,2025-08,3,2,0.6666666666666666,1.4955536215401288,1.3030593131302999,1.147724901292026,2.295449802584052,1.6880479299499578,1.3030593131302999,0.5626826433166526
欧美开盘区间突破多头,开盘突破,f9b0b97528e653e7,REJECTED,2025-09,0,0,0.0,0.0,0.0,0.0,0.0,0.0,0.0,0.0
欧美开盘区间突破多头,开盘突破,f9b0b97528e653e7,REJECTED,2025-10,0,0,0.0,0.0,0.0,0.0,0.0,0.0,0.0,0.0
欧美开盘区间突破多头,开盘突破,f9b0b97528e653e7,REJECTED,2025-11,0,0,0.0,0.0,0.0,0.0,0.0,0.0,0.0,0.0
欧美开盘区间突破多头,开盘突破,f9b0b97528e653e7,REJECTED,2025-12,0,0,0.0,0.0,0.0,0.0,0.0,0.0,0.0,0.0
欧美开盘区间突破多头,开盘突破,f9b0b97528e653e7,REJECTED,2026-01,0,0,0.0,0.0,0.0,0.0,0.0,0.0,0.0,0.0
欧美开盘区间突破多头,开盘突破,f9b0b97528e653e7,REJECTED,2026-02,0,0,0.0,0.0,0.0,0.0,0.0,0.0,0.0,0.0
欧美开盘区间突破多头,开盘突破,f9b0b97528e653e7,REJECTED,2026-03,0,0,0.0,0.0,0.0,0.0,0.0,0.0,0.0,0.0
欧美开盘区间突破多头,开盘突破,f9b0b97528e653e7,REJECTED,2026-04,0,0,0.0,0.0,0.0,0.0,0.0,0.0,0.0,0.0
欧美开盘区间突破多头,开盘突破,f9b0b97528e653e7,REJECTED,2026-05,3,0,0.0,0.0,1.3032913815504117,0.0,0.0,-3.9098741446512353,3.9098741446512353,-1.3032913815504117
欧美开盘区间突破空头,开盘突破,8f89911d444a7852,REJECTED,2025-05,0,0,0.0,0.0,0.0,0.0,0.0,0.0,0.0,0.0
欧美开盘区间突破空头,开盘突破,8f89911d444a7852,REJECTED,2025-06,0,0,0.0,0.0,0.0,0.0,0.0,0.0,0.0,0.0
欧美开盘区间突破空头,开盘突破,8f89911d444a7852,REJECTED,2025-07,0,0,0.0,0.0,0.0,0.0,0.0,0.0,0.0,0.0
欧美开盘区间突破空头,开盘突破,8f89911d444a7852,REJECTED,2025-08,0,0,0.0,0.0,0.0,0.0,0.0,0.0,0.0,0.0
欧美开盘区间突破空头,开盘突破,8f89911d444a7852,REJECTED,2025-09,0,0,0.0,0.0,0.0,0.0,0.0,0.0,0.0,0.0
欧美开盘区间突破空头,开盘突破,8f89911d444a7852,REJECTED,2025-10,0,0,0.0,0.0,0.0,0.0,0.0,0.0,0.0,0.0
欧美开盘区间突破空头,开盘突破,8f89911d444a7852,REJECTED,2025-11,0,0,0.0,0.0,0.0,0.0,0.0,0.0,0.0,0.0
欧美开盘区间突破空头,开盘突破,8f89911d444a7852,REJECTED,2025-12,0,0,0.0,0.0,0.0,0.0,0.0,0.0,0.0,0.0
欧美开盘区间突破空头,开盘突破,8f89911d444a7852,REJECTED,2026-01,0,0,0.0,0.0,0.0,0.0,0.0,0.0,0.0,0.0
欧美开盘区间突破空头,开盘突破,8f89911d444a7852,REJECTED,2026-02,0,0,0.0,0.0,0.0,0.0,0.0,0.0,0.0,0.0
欧美开盘区间突破空头,开盘突破,8f89911d444a7852,REJECTED,2026-03,0,0,0.0,0.0,0.0,0.0,0.0,0.0,0.0,0.0
欧美开盘区间突破空头,开盘突破,8f89911d444a7852,REJECTED,2026-04,0,0,0.0,0.0,0.0,0.0,0.0,0.0,0.0,0.0
欧美开盘区间突破空头,开盘突破,8f89911d444a7852,REJECTED,2026-05,0,0,0.0,0.0,0.0,0.0,0.0,0.0,0.0,0.0
BTC强于ETH且溢价回落空头,跨资产衍生品,ad7bf81694ad15d4,REJECTED,2025-05,0,0,0.0,0.0,0.0,0.0,0.0,0.0,0.0,0.0
BTC强于ETH且溢价回落空头,跨资产衍生品,ad7bf81694ad15d4,REJECTED,2025-06,0,0,0.0,0.0,0.0,0.0,0.0,0.0,0.0,0.0
BTC强于ETH且溢价回落空头,跨资产衍生品,ad7bf81694ad15d4,REJECTED,2025-07,0,0,0.0,0.0,0.0,0.0,0.0,0.0,0.0,0.0
BTC强于ETH且溢价回落空头,跨资产衍生品,ad7bf81694ad15d4,REJECTED,2025-08,0,0,0.0,0.0,0.0,0.0,0.0,0.0,0.0,0.0
BTC强于ETH且溢价回落空头,跨资产衍生品,ad7bf81694ad15d4,REJECTED,2025-09,0,0,0.0,0.0,0.0,0.0,0.0,0.0,0.0,0.0
BTC强于ETH且溢价回落空头,跨资产衍生品,ad7bf81694ad15d4,REJECTED,2025-10,0,0,0.0,0.0,0.0,0.0,0.0,0.0,0.0,0.0
BTC强于ETH且溢价回落空头,跨资产衍生品,ad7bf81694ad15d4,REJECTED,2025-11,0,0,0.0,0.0,0.0,0.0,0.0,0.0,0.0,0.0
BTC强于ETH且溢价回落空头,跨资产衍生品,ad7bf81694ad15d4,REJECTED,2025-12,0,0,0.0,0.0,0.0,0.0,0.0,0.0,0.0,0.0
BTC强于ETH且溢价回落空头,跨资产衍生品,ad7bf81694ad15d4,REJECTED,2026-01,0,0,0.0,0.0,0.0,0.0,0.0,0.0,0.0,0.0
BTC强于ETH且溢价回落空头,跨资产衍生品,ad7bf81694ad15d4,REJECTED,2026-02,0,0,0.0,0.0,0.0,0.0,0.0,0.0,0.0,0.0
BTC强于ETH且溢价回落空头,跨资产衍生品,ad7bf81694ad15d4,REJECTED,2026-03,0,0,0.0,0.0,0.0,0.0,0.0,0.0,0.0,0.0
BTC强于ETH且溢价回落空头,跨资产衍生品,ad7bf81694ad15d4,REJECTED,2026-04,0,0,0.0,0.0,0.0,0.0,0.0,0.0,0.0,0.0
BTC强于ETH且溢价回落空头,跨资产衍生品,ad7bf81694ad15d4,REJECTED,2026-05,0,0,0.0,0.0,0.0,0.0,0.0,0.0,0.0,0.0
BTC强于ETH且主动卖盘空头,跨资产订单流,16e8ea0e0b751d8b,REJECTED,2025-05,0,0,0.0,0.0,0.0,0.0,0.0,0.0,0.0,0.0
BTC强于ETH且主动卖盘空头,跨资产订单流,16e8ea0e0b751d8b,REJECTED,2025-06,0,0,0.0,0.0,0.0,0.0,0.0,0.0,0.0,0.0
BTC强于ETH且主动卖盘空头,跨资产订单流,16e8ea0e0b751d8b,REJECTED,2025-07,0,0,0.0,0.0,0.0,0.0,0.0,0.0,0.0,0.0
BTC强于ETH且主动卖盘空头,跨资产订单流,16e8ea0e0b751d8b,REJECTED,2025-08,0,0,0.0,0.0,0.0,0.0,0.0,0.0,0.0,0.0
BTC强于ETH且主动卖盘空头,跨资产订单流,16e8ea0e0b751d8b,REJECTED,2025-09,0,0,0.0,0.0,0.0,0.0,0.0,0.0,0.0,0.0
BTC强于ETH且主动卖盘空头,跨资产订单流,16e8ea0e0b751d8b,REJECTED,2025-10,0,0,0.0,0.0,0.0,0.0,0.0,0.0,0.0,0.0
BTC强于ETH且主动卖盘空头,跨资产订单流,16e8ea0e0b751d8b,REJECTED,2025-11,0,0,0.0,0.0,0.0,0.0,0.0,0.0,0.0,0.0
BTC强于ETH且主动卖盘空头,跨资产订单流,16e8ea0e0b751d8b,REJECTED,2025-12,0,0,0.0,0.0,0.0,0.0,0.0,0.0,0.0,0.0
BTC强于ETH且主动卖盘空头,跨资产订单流,16e8ea0e0b751d8b,REJECTED,2026-01,0,0,0.0,0.0,0.0,0.0,0.0,0.0,0.0,0.0
BTC强于ETH且主动卖盘空头,跨资产订单流,16e8ea0e0b751d8b,REJECTED,2026-02,0,0,0.0,0.0,0.0,0.0,0.0,0.0,0.0,0.0
BTC强于ETH且主动卖盘空头,跨资产订单流,16e8ea0e0b751d8b,REJECTED,2026-03,0,0,0.0,0.0,0.0,0.0,0.0,0.0,0.0,0.0
BTC强于ETH且主动卖盘空头,跨资产订单流,16e8ea0e0b751d8b,REJECTED,2026-04,3,1,0.3333333333333333,1.7144577334199718,0.6820153980073186,2.513810888184044,1.256905444092022,0.3504269374053345,1.3640307960146374,0.1168089791351115
BTC强于ETH且主动卖盘空头,跨资产订单流,16e8ea0e0b751d8b,REJECTED,2026-05,0,0,0.0,0.0,0.0,0.0,0.0,0.0,0.0,0.0
BTC强于ETH欧美盘修复空头,跨资产时段,d9d64c6080c7757b,REJECTED,2025-05,0,0,0.0,0.0,0.0,0.0,0.0,0.0,0.0,0.0
BTC强于ETH欧美盘修复空头,跨资产时段,d9d64c6080c7757b,REJECTED,2025-06,0,0,0.0,0.0,0.0,0.0,0.0,0.0,0.0,0.0
BTC强于ETH欧美盘修复空头,跨资产时段,d9d64c6080c7757b,REJECTED,2025-07,0,0,0.0,0.0,0.0,0.0,0.0,0.0,0.0,0.0
BTC强于ETH欧美盘修复空头,跨资产时段,d9d64c6080c7757b,REJECTED,2025-08,0,0,0.0,0.0,0.0,0.0,0.0,0.0,0.0,0.0
BTC强于ETH欧美盘修复空头,跨资产时段,d9d64c6080c7757b,REJECTED,2025-09,0,0,0.0,0.0,0.0,0.0,0.0,0.0,0.0,0.0
BTC强于ETH欧美盘修复空头,跨资产时段,d9d64c6080c7757b,REJECTED,2025-10,0,0,0.0,0.0,0.0,0.0,0.0,0.0,0.0,0.0
BTC强于ETH欧美盘修复空头,跨资产时段,d9d64c6080c7757b,REJECTED,2025-11,0,0,0.0,0.0,0.0,0.0,0.0,0.0,0.0,0.0
BTC强于ETH欧美盘修复空头,跨资产时段,d9d64c6080c7757b,REJECTED,2025-12,3,0,0.0,0.0,1.2815182689432856,0.0,0.0,-3.8445548068298567,3.8445548068298567,-1.2815182689432856
BTC强于ETH欧美盘修复空头,跨资产时段,d9d64c6080c7757b,REJECTED,2026-01,0,0,0.0,0.0,0.0,0.0,0.0,0.0,0.0,0.0
BTC强于ETH欧美盘修复空头,跨资产时段,d9d64c6080c7757b,REJECTED,2026-02,0,0,0.0,0.0,0.0,0.0,0.0,0.0,0.0,0.0
BTC强于ETH欧美盘修复空头,跨资产时段,d9d64c6080c7757b,REJECTED,2026-03,0,0,0.0,0.0,0.0,0.0,0.0,0.0,0.0,0.0
BTC强于ETH欧美盘修复空头,跨资产时段,d9d64c6080c7757b,REJECTED,2026-04,0,0,0.0,0.0,0.0,0.0,0.0,0.0,0.0,0.0
BTC强于ETH欧美盘修复空头,跨资产时段,d9d64c6080c7757b,REJECTED,2026-05,0,0,0.0,0.0,0.0,0.0,0.0,0.0,0.0,0.0
ETH先跌BTC滞后补跌空头,跨资产领先滞后,1988519d498cd703,REJECTED,2025-05,0,0,0.0,0.0,0.0,0.0,0.0,0.0,0.0,0.0
ETH先跌BTC滞后补跌空头,跨资产领先滞后,1988519d498cd703,REJECTED,2025-06,0,0,0.0,0.0,0.0,0.0,0.0,0.0,0.0,0.0
ETH先跌BTC滞后补跌空头,跨资产领先滞后,1988519d498cd703,REJECTED,2025-07,0,0,0.0,0.0,0.0,0.0,0.0,0.0,0.0,0.0
ETH先跌BTC滞后补跌空头,跨资产领先滞后,1988519d498cd703,REJECTED,2025-08,0,0,0.0,0.0,0.0,0.0,0.0,0.0,0.0,0.0
ETH先跌BTC滞后补跌空头,跨资产领先滞后,1988519d498cd703,REJECTED,2025-09,0,0,0.0,0.0,0.0,0.0,0.0,0.0,0.0,0.0
ETH先跌BTC滞后补跌空头,跨资产领先滞后,1988519d498cd703,REJECTED,2025-10,0,0,0.0,0.0,0.0,0.0,0.0,0.0,0.0,0.0
ETH先跌BTC滞后补跌空头,跨资产领先滞后,1988519d498cd703,REJECTED,2025-11,0,0,0.0,0.0,0.0,0.0,0.0,0.0,0.0,0.0
ETH先跌BTC滞后补跌空头,跨资产领先滞后,1988519d498cd703,REJECTED,2025-12,0,0,0.0,0.0,0.0,0.0,0.0,0.0,0.0,0.0
ETH先跌BTC滞后补跌空头,跨资产领先滞后,1988519d498cd703,REJECTED,2026-01,0,0,0.0,0.0,0.0,0.0,0.0,0.0,0.0,0.0
ETH先跌BTC滞后补跌空头,跨资产领先滞后,1988519d498cd703,REJECTED,2026-02,0,0,0.0,0.0,0.0,0.0,0.0,0.0,0.0,0.0
ETH先跌BTC滞后补跌空头,跨资产领先滞后,1988519d498cd703,REJECTED,2026-03,2,0,0.0,0.0,1.284461255634109,0.0,0.0,-2.568922511268218,2.568922511268218,-1.284461255634109
ETH先跌BTC滞后补跌空头,跨资产领先滞后,1988519d498cd703,REJECTED,2026-04,0,0,0.0,0.0,0.0,0.0,0.0,0.0,0.0,0.0
ETH先跌BTC滞后补跌空头,跨资产领先滞后,1988519d498cd703,REJECTED,2026-05,0,0,0.0,0.0,0.0,0.0,0.0,0.0,0.0,0.0
BTC弱于ETH且溢价回升多头,跨资产衍生品,d9882e2d61ed9961,REJECTED,2025-05,0,0,0.0,0.0,0.0,0.0,0.0,0.0,0.0,0.0
BTC弱于ETH且溢价回升多头,跨资产衍生品,d9882e2d61ed9961,REJECTED,2025-06,0,0,0.0,0.0,0.0,0.0,0.0,0.0,0.0,0.0
BTC弱于ETH且溢价回升多头,跨资产衍生品,d9882e2d61ed9961,REJECTED,2025-07,0,0,0.0,0.0,0.0,0.0,0.0,0.0,0.0,0.0
BTC弱于ETH且溢价回升多头,跨资产衍生品,d9882e2d61ed9961,REJECTED,2025-08,0,0,0.0,0.0,0.0,0.0,0.0,0.0,0.0,0.0
BTC弱于ETH且溢价回升多头,跨资产衍生品,d9882e2d61ed9961,REJECTED,2025-09,0,0,0.0,0.0,0.0,0.0,0.0,0.0,0.0,0.0
BTC弱于ETH且溢价回升多头,跨资产衍生品,d9882e2d61ed9961,REJECTED,2025-10,0,0,0.0,0.0,0.0,0.0,0.0,0.0,0.0,0.0
BTC弱于ETH且溢价回升多头,跨资产衍生品,d9882e2d61ed9961,REJECTED,2025-11,0,0,0.0,0.0,0.0,0.0,0.0,0.0,0.0,0.0
BTC弱于ETH且溢价回升多头,跨资产衍生品,d9882e2d61ed9961,REJECTED,2025-12,0,0,0.0,0.0,0.0,0.0,0.0,0.0,0.0,0.0
BTC弱于ETH且溢价回升多头,跨资产衍生品,d9882e2d61ed9961,REJECTED,2026-01,0,0,0.0,0.0,0.0,0.0,0.0,0.0,0.0,0.0
BTC弱于ETH且溢价回升多头,跨资产衍生品,d9882e2d61ed9961,REJECTED,2026-02,0,0,0.0,0.0,0.0,0.0,0.0,0.0,0.0,0.0
BTC弱于ETH且溢价回升多头,跨资产衍生品,d9882e2d61ed9961,REJECTED,2026-03,0,0,0.0,0.0,0.0,0.0,0.0,0.0,0.0,0.0
BTC弱于ETH且溢价回升多头,跨资产衍生品,d9882e2d61ed9961,REJECTED,2026-04,0,0,0.0,0.0,0.0,0.0,0.0,0.0,0.0,0.0
BTC弱于ETH且溢价回升多头,跨资产衍生品,d9882e2d61ed9961,REJECTED,2026-05,0,0,0.0,0.0,0.0,0.0,0.0,0.0,0.0,0.0
ETH先涨BTC滞后补涨多头,跨资产领先滞后,6387acc3c2ec918d,REJECTED,2025-05,0,0,0.0,0.0,0.0,0.0,0.0,0.0,0.0,0.0
ETH先涨BTC滞后补涨多头,跨资产领先滞后,6387acc3c2ec918d,REJECTED,2025-06,0,0,0.0,0.0,0.0,0.0,0.0,0.0,0.0,0.0
ETH先涨BTC滞后补涨多头,跨资产领先滞后,6387acc3c2ec918d,REJECTED,2025-07,0,0,0.0,0.0,0.0,0.0,0.0,0.0,0.0,0.0
ETH先涨BTC滞后补涨多头,跨资产领先滞后,6387acc3c2ec918d,REJECTED,2025-08,0,0,0.0,0.0,0.0,0.0,0.0,0.0,0.0,0.0
ETH先涨BTC滞后补涨多头,跨资产领先滞后,6387acc3c2ec918d,REJECTED,2025-09,0,0,0.0,0.0,0.0,0.0,0.0,0.0,0.0,0.0
ETH先涨BTC滞后补涨多头,跨资产领先滞后,6387acc3c2ec918d,REJECTED,2025-10,0,0,0.0,0.0,0.0,0.0,0.0,0.0,0.0,0.0
ETH先涨BTC滞后补涨多头,跨资产领先滞后,6387acc3c2ec918d,REJECTED,2025-11,0,0,0.0,0.0,0.0,0.0,0.0,0.0,0.0,0.0
ETH先涨BTC滞后补涨多头,跨资产领先滞后,6387acc3c2ec918d,REJECTED,2025-12,0,0,0.0,0.0,0.0,0.0,0.0,0.0,0.0,0.0
ETH先涨BTC滞后补涨多头,跨资产领先滞后,6387acc3c2ec918d,REJECTED,2026-01,0,0,0.0,0.0,0.0,0.0,0.0,0.0,0.0,0.0
ETH先涨BTC滞后补涨多头,跨资产领先滞后,6387acc3c2ec918d,REJECTED,2026-02,0,0,0.0,0.0,0.0,0.0,0.0,0.0,0.0,0.0
ETH先涨BTC滞后补涨多头,跨资产领先滞后,6387acc3c2ec918d,REJECTED,2026-03,0,0,0.0,0.0,0.0,0.0,0.0,0.0,0.0,0.0
ETH先涨BTC滞后补涨多头,跨资产领先滞后,6387acc3c2ec918d,REJECTED,2026-04,0,0,0.0,0.0,0.0,0.0,0.0,0.0,0.0,0.0
ETH先涨BTC滞后补涨多头,跨资产领先滞后,6387acc3c2ec918d,REJECTED,2026-05,1,1,1.0,1.7125413489195278,0.0,999.0,999.0,1.7125413489195278,0.0,1.7125413489195278
跨资产背离后VWAP失守空头,跨资产VWAP,47d7edd201629376,REJECTED,2025-05,0,0,0.0,0.0,0.0,0.0,0.0,0.0,0.0,0.0
跨资产背离后VWAP失守空头,跨资产VWAP,47d7edd201629376,REJECTED,2025-06,0,0,0.0,0.0,0.0,0.0,0.0,0.0,0.0,0.0
跨资产背离后VWAP失守空头,跨资产VWAP,47d7edd201629376,REJECTED,2025-07,0,0,0.0,0.0,0.0,0.0,0.0,0.0,0.0,0.0
跨资产背离后VWAP失守空头,跨资产VWAP,47d7edd201629376,REJECTED,2025-08,0,0,0.0,0.0,0.0,0.0,0.0,0.0,0.0,0.0
跨资产背离后VWAP失守空头,跨资产VWAP,47d7edd201629376,REJECTED,2025-09,0,0,0.0,0.0,0.0,0.0,0.0,0.0,0.0,0.0
跨资产背离后VWAP失守空头,跨资产VWAP,47d7edd201629376,REJECTED,2025-10,0,0,0.0,0.0,0.0,0.0,0.0,0.0,0.0,0.0
跨资产背离后VWAP失守空头,跨资产VWAP,47d7edd201629376,REJECTED,2025-11,0,0,0.0,0.0,0.0,0.0,0.0,0.0,0.0,0.0
跨资产背离后VWAP失守空头,跨资产VWAP,47d7edd201629376,REJECTED,2025-12,0,0,0.0,0.0,0.0,0.0,0.0,0.0,0.0,0.0
跨资产背离后VWAP失守空头,跨资产VWAP,47d7edd201629376,REJECTED,2026-01,0,0,0.0,0.0,0.0,0.0,0.0,0.0,0.0,0.0
跨资产背离后VWAP失守空头,跨资产VWAP,47d7edd201629376,REJECTED,2026-02,0,0,0.0,0.0,0.0,0.0,0.0,0.0,0.0,0.0
跨资产背离后VWAP失守空头,跨资产VWAP,47d7edd201629376,REJECTED,2026-03,0,0,0.0,0.0,0.0,0.0,0.0,0.0,0.0,0.0
跨资产背离后VWAP失守空头,跨资产VWAP,47d7edd201629376,REJECTED,2026-04,0,0,0.0,0.0,0.0,0.0,0.0,0.0,0.0,0.0
跨资产背离后VWAP失守空头,跨资产VWAP,47d7edd201629376,REJECTED,2026-05,0,0,0.0,0.0,0.0,0.0,0.0,0.0,0.0,0.0
跨资产背离后VWAP收回多头,跨资产VWAP,1d3bb2983569000d,REJECTED,2025-05,0,0,0.0,0.0,0.0,0.0,0.0,0.0,0.0,0.0
跨资产背离后VWAP收回多头,跨资产VWAP,1d3bb2983569000d,REJECTED,2025-06,0,0,0.0,0.0,0.0,0.0,0.0,0.0,0.0,0.0
跨资产背离后VWAP收回多头,跨资产VWAP,1d3bb2983569000d,REJECTED,2025-07,0,0,0.0,0.0,0.0,0.0,0.0,0.0,0.0,0.0
跨资产背离后VWAP收回多头,跨资产VWAP,1d3bb2983569000d,REJECTED,2025-08,0,0,0.0,0.0,0.0,0.0,0.0,0.0,0.0,0.0
跨资产背离后VWAP收回多头,跨资产VWAP,1d3bb2983569000d,REJECTED,2025-09,0,0,0.0,0.0,0.0,0.0,0.0,0.0,0.0,0.0
跨资产背离后VWAP收回多头,跨资产VWAP,1d3bb2983569000d,REJECTED,2025-10,0,0,0.0,0.0,0.0,0.0,0.0,0.0,0.0,0.0
跨资产背离后VWAP收回多头,跨资产VWAP,1d3bb2983569000d,REJECTED,2025-11,0,0,0.0,0.0,0.0,0.0,0.0,0.0,0.0,0.0
跨资产背离后VWAP收回多头,跨资产VWAP,1d3bb2983569000d,REJECTED,2025-12,0,0,0.0,0.0,0.0,0.0,0.0,0.0,0.0,0.0
跨资产背离后VWAP收回多头,跨资产VWAP,1d3bb2983569000d,REJECTED,2026-01,0,0,0.0,0.0,0.0,0.0,0.0,0.0,0.0,0.0
跨资产背离后VWAP收回多头,跨资产VWAP,1d3bb2983569000d,REJECTED,2026-02,0,0,0.0,0.0,0.0,0.0,0.0,0.0,0.0,0.0
跨资产背离后VWAP收回多头,跨资产VWAP,1d3bb2983569000d,REJECTED,2026-03,0,0,0.0,0.0,0.0,0.0,0.0,0.0,0.0,0.0
跨资产背离后VWAP收回多头,跨资产VWAP,1d3bb2983569000d,REJECTED,2026-04,0,0,0.0,0.0,0.0,0.0,0.0,0.0,0.0,0.0
跨资产背离后VWAP收回多头,跨资产VWAP,1d3bb2983569000d,REJECTED,2026-05,0,0,0.0,0.0,0.0,0.0,0.0,0.0,0.0,0.0
