channel_id,channel_label,window_start_month,window_end_month,trades,wins,losses,win_rate,avg_win_R,avg_loss_R,avg_win_loss_ratio,profit_factor,net_R,max_drawdown_R,expectancy_R,median_R
60m_trend_pullback_quality_rr2_5,V10.1冻结基线·1小时趋势回踩质量过滤 RR2.5,2025-01,2025-03,8,3,5,0.375,2.3686688441924066,1.1038131676161922,2.1458965282211766,1.2875379169327061,1.5869406944962599,3.2931372646245816,0.19836758681203248,-1.0904838770964895
60m_trend_pullback_quality_rr2_5,V10.1冻结基线·1小时趋势回踩质量过滤 RR2.5,2025-02,2025-04,6,3,3,0.5,2.357936485832119,1.1049022267345017,2.1340680005695294,2.1340680005695294,3.759102777292851,1.1229131643302268,0.6265171295488084,0.6258819295288374
60m_trend_pullback_quality_rr2_5,V10.1冻结基线·1小时趋势回踩质量过滤 RR2.5,2025-03,2025-05,8,4,4,0.5,2.361934315698116,1.1192489927153262,2.1102849598890447,2.1102849598890447,4.970741291931159,2.2510673974049253,0.6213426614913948,0.6258819295288374
60m_trend_pullback_quality_rr2_5,V10.1冻结基线·1小时趋势回踩质量过滤 RR2.5,2025-04,2025-06,10,4,6,0.4,2.376115692351559,1.1409933736364213,2.0824973634848742,1.3883315756565828,2.658502527587709,3.4365539846178734,0.2658502527587709,-1.096755812526058
60m_trend_pullback_quality_rr2_5,V10.1冻结基线·1小时趋势回踩质量过滤 RR2.5,2025-05,2025-07,13,7,6,0.5384615384615384,2.027257519239569,1.147725673500811,1.7663258442725223,2.060713484984609,7.30444859367212,3.436553984617874,0.5618806610517015,0.32047839221791163
60m_trend_pullback_quality_rr2_5,V10.1冻结基线·1小时趋势回踩质量过滤 RR2.5,2025-06,2025-08,15,7,8,0.4666666666666667,2.0301903167439446,1.1414950262264045,1.7785362792647648,1.5562192443566691,5.079372007396374,3.4365539846178743,0.3386248004930916,-1.1047335183049898
60m_trend_pullback_quality_rr2_5,V10.1冻结基线·1小时趋势回踩质量过滤 RR2.5,2025-07,2025-09,12,6,6,0.5,1.9264197736160418,1.1422017626659375,1.686584486719503,1.686584486719503,4.705308065700628,4.591739029550604,0.3921090054750523,-0.3981291535423513
60m_trend_pullback_quality_rr2_5,V10.1冻结基线·1小时趋势回踩质量过滤 RR2.5,2025-08,2025-10,13,4,9,0.3076923076923077,2.2739880594582678,1.0714062149529064,2.1224331422776195,0.9433036187900531,-0.5467036967430878,4.591739029550604,-0.042054130518699065,-1.1167366993026142
60m_trend_pullback_quality_rr2_5,V10.1冻结基线·1小时趋势回踩质量过滤 RR2.5,2025-09,2025-11,12,3,9,0.25,2.233831616668779,1.0543120236913295,2.1187576035107205,0.7062525345035735,-2.787313363215628,5.562721711012729,-0.23227611360130232,-1.097628226561794
60m_trend_pullback_quality_rr2_5,V10.1冻结基线·1小时趋势回踩质量过滤 RR2.5,2025-10,2025-12,10,3,7,0.3,2.312264004314232,1.0246664289462821,2.2566016988495012,0.9671150137926434,-0.23587298968127923,5.562721711012729,-0.023587298968127925,-1.0678464065471458
60m_trend_pullback_quality_rr2_5,V10.1冻结基线·1小时趋势回踩质量过滤 RR2.5,2025-11,2026-01,7,3,4,0.42857142857142855,2.2789695888159556,1.0993566168853948,2.0730030217788125,1.5547522663341091,2.439482298906287,3.2540477381099766,0.3484974712723267,-1.044901543579395
60m_trend_pullback_quality_rr2_5,V10.1冻结基线·1小时趋势回踩质量过滤 RR2.5,2025-12,2026-02,5,4,1,0.8,2.3073219137410614,1.1433787294316022,2.0179856895606934,8.071942758242773,8.085908925532642,1.1433787294316025,1.6171817851065284,2.2620480367303997
60m_trend_pullback_quality_rr2_5,V10.1冻结基线·1小时趋势回踩质量过滤 RR2.5,2026-01,2026-03,7,4,3,0.5714285714285714,2.319029732304355,1.1438048618371333,2.027469728166414,2.7032929708885516,5.84470434370602,2.288035856079797,0.8349577633865743,2.240169625334335
60m_trend_pullback_quality_rr2_5,V10.1冻结基线·1小时趋势回踩质量过滤 RR2.5,2026-02,2026-04,8,3,5,0.375,2.0062444316501344,1.121958632739482,1.7881625695516914,1.072897541731015,0.40894013125299455,2.288035856079797,0.05111751640662432,-1.098639815070535
60m_trend_pullback_quality_rr2_5,V10.1冻结基线·1小时趋势回踩质量过滤 RR2.5,2026-03,2026-05,10,4,6,0.4,2.0054038598783546,1.1265106150423259,1.78019082385922,1.1867938825728133,1.2625517492594633,2.288035856079797,0.12625517492594635,-1.098639815070535
60m_trend_pullback_quality_rr2_5,V10.1冻结基线·1小时趋势回踩质量过滤 RR2.5,2026-04,2026-06,10,3,7,0.3,1.8800310202923713,1.1263799409131825,1.669091353640572,0.7153248658459594,-2.2445665255151637,3.4136317522181194,-0.22445665255151637,-1.098639815070535
60m_trend_pullback_quality_rr3_0,V10.1冻结基线·1小时趋势回踩质量过滤 RR3.0,2025-01,2025-03,7,2,5,0.2857142857142857,2.8827322833862006,1.111472141589183,2.5936163179622924,1.037446527184917,0.2081038588264852,3.2931372646245816,0.029729122689497883,-1.100383931881594
60m_trend_pullback_quality_rr3_0,V10.1冻结基线·1小时趋势回踩质量过滤 RR3.0,2025-02,2025-04,5,2,3,0.4,2.8666337458457654,1.1176671833561533,2.5648366423694933,1.7098910949129957,2.3802659416230707,2.2642234433213337,0.47605318832461413,-1.0887781067471263
60m_trend_pullback_quality_rr3_0,V10.1冻结基线·1小时趋势回踩质量过滤 RR3.0,2025-03,2025-05,7,3,4,0.42857142857142855,2.417414783809516,1.1288227101815647,2.1415362766936967,1.6061522075202725,2.736953510702289,2.2642234433213337,0.3909933586717556,-1.0887781067471263
60m_trend_pullback_quality_rr3_0,V10.1冻结基线·1小时趋势回踩质量过滤 RR3.0,2025-04,2025-06,10,4,6,0.4,2.537440455961785,1.1409933736364213,2.2238871097689152,1.4825914065126102,3.303801582028613,3.4365539846178734,0.33038015820286126,-1.096755812526058
60m_trend_pullback_quality_rr3_0,V10.1冻结基线·1小时趋势回踩质量过滤 RR3.0,2025-05,2025-07,13,7,6,0.5384615384615384,2.262228812731128,1.147725673500811,1.9710535931733948,2.2995625253689607,8.949247648113031,3.436553984617874,0.688403665239464,0.32047839221791163
60m_trend_pullback_quality_rr3_0,V10.1冻结基线·1小时趋势回踩质量过滤 RR3.0,2025-06,2025-08,15,7,8,0.4666666666666667,2.23379778915464,1.1414950262264045,1.9569054072352898,1.7122922313308784,6.504624314271242,3.436553984617874,0.4336416209514161,-1.1047335183049898
60m_trend_pullback_quality_rr3_0,V10.1冻结基线·1小时趋势回踩质量过滤 RR3.0,2025-07,2025-09,12,6,6,0.5,2.0805868247618524,1.1422017626659375,1.8215580581014796,1.8215580581014799,5.630310372575492,4.591739029550604,0.46919253104795766,-0.3981291535423513
60m_trend_pullback_quality_rr3_0,V10.1冻结基线·1小时趋势回踩质量过滤 RR3.0,2025-08,2025-10,13,4,9,0.3076923076923077,2.380301136176985,1.0714062149529064,2.221660751036068,0.9874047782382525,-0.12145138986821769,4.591739029550603,-0.009342414605247514,-1.1167366993026142
60m_trend_pullback_quality_rr3_0,V10.1冻结基线·1小时趋势回踩质量过滤 RR3.0,2025-09,2025-11,12,3,9,0.25,2.7337482833354474,1.0543120236913295,2.592921470974143,0.8643071569913809,-1.2875633632156236,5.562721711012729,-0.1072969469346353,-1.097628226561794
60m_trend_pullback_quality_rr3_0,V10.1冻结基线·1小时趋势回踩质量过滤 RR3.0,2025-10,2025-12,10,3,7,0.3,2.812180670980903,1.0246664289462821,2.744484050163344,1.1762074500700046,1.263877010318734,5.562721711012729,0.1263877010318734,-1.0678464065471458
60m_trend_pullback_quality_rr3_0,V10.1冻结基线·1小时趋势回踩质量过滤 RR3.0,2025-11,2026-01,7,3,4,0.42857142857142855,2.7790529221492917,1.0993566168853948,2.527890294618567,1.895917720963925,3.9397322989062964,3.2540477381099766,0.5628188998437567,-1.044901543579395
60m_trend_pullback_quality_rr3_0,V10.1冻结基线·1小时趋势回踩质量过滤 RR3.0,2025-12,2026-02,5,4,1,0.8,2.807446913741063,1.1433787294316022,2.4553954358908743,9.821581743563497,10.086408925532652,1.1433787294316025,2.0172817851065306,2.761798036730427
60m_trend_pullback_quality_rr3_0,V10.1冻结基线·1小时趋势回踩质量过滤 RR3.0,2026-01,2026-03,7,4,3,0.5714285714285714,2.8191547323043533,1.1438048618371333,2.46471651447288,3.2862886859638403,7.845204343706015,2.288035856079797,1.1207434776722878,2.7404196253343125
60m_trend_pullback_quality_rr3_0,V10.1冻结基线·1小时趋势回踩质量过滤 RR3.0,2026-02,2026-04,8,3,5,0.375,2.3397444316501312,1.121958632739482,2.085410605502617,1.2512463633015702,1.4094401312529845,2.288035856079797,0.17618001640662306,-1.098639815070535
60m_trend_pullback_quality_rr3_0,V10.1冻结基线·1小时趋势回踩质量过滤 RR3.0,2026-03,2026-05,10,4,6,0.4,2.380341359878345,1.1265106150423259,2.113021686696587,1.4086811244643913,2.762301749259425,2.288035856079797,0.2762301749259425,-1.098639815070535
60m_trend_pullback_quality_rr3_0,V10.1冻结基线·1小时趋势回踩质量过滤 RR3.0,2026-04,2026-06,10,3,7,0.3,2.213197686959028,1.1263799409131825,1.9648766873145282,0.8420900088490835,-1.2450665255151936,3.4136317522181194,-0.12450665255151935,-1.098639815070535
60m_trend_pullback_anti_exhaustion_rr2_5,1小时趋势回踩·防趋势衰竭 RR2.5,2025-01,2025-03,2,0,2,0.0,0.0,1.1175413373809144,0.0,0.0,-2.235082674761829,2.235082674761829,-1.1175413373809144,-1.1175413373809144
60m_trend_pullback_anti_exhaustion_rr2_5,1小时趋势回踩·防趋势衰竭 RR2.5,2025-02,2025-04,1,0,1,0.0,0.0,1.1229131643302268,0.0,0.0,-1.1229131643302268,1.1229131643302268,-1.1229131643302268,-1.1229131643302268
60m_trend_pullback_anti_exhaustion_rr2_5,1小时趋势回踩·防趋势衰竭 RR2.5,2025-03,2025-05,1,0,1,0.0,0.0,1.1229131643302268,0.0,0.0,-1.1229131643302268,1.1229131643302268,-1.1229131643302268,-1.1229131643302268
60m_trend_pullback_anti_exhaustion_rr2_5,1小时趋势回踩·防趋势衰竭 RR2.5,2025-04,2025-06,2,1,1,0.5,2.3795018361769196,1.1978038344325108,1.986553864476705,1.986553864476705,1.1816980017444088,1.1978038344325108,0.5908490008722044,0.5908490008722044
60m_trend_pullback_anti_exhaustion_rr2_5,1小时趋势回踩·防趋势衰竭 RR2.5,2025-05,2025-07,3,1,2,0.3333333333333333,2.3795018361769196,1.1634878701829878,2.0451453746592843,1.0225726873296421,0.05252609581094414,1.1978038344325108,0.017508698603648048,-1.1291719059334646
60m_trend_pullback_anti_exhaustion_rr2_5,1小时趋势回踩·防趋势衰竭 RR2.5,2025-06,2025-08,3,1,2,0.3333333333333333,2.3795018361769196,1.1634878701829878,2.0451453746592843,1.0225726873296421,0.05252609581094414,1.1978038344325108,0.017508698603648048,-1.1291719059334646
60m_trend_pullback_anti_exhaustion_rr2_5,1小时趋势回踩·防趋势衰竭 RR2.5,2025-07,2025-09,1,0,1,0.0,0.0,1.1291719059334646,0.0,0.0,-1.1291719059334646,1.1291719059334646,-1.1291719059334646,-1.1291719059334646
60m_trend_pullback_anti_exhaustion_rr2_5,1小时趋势回踩·防趋势衰竭 RR2.5,2025-08,2025-10,1,0,1,0.0,0.0,1.0907912695148967,0.0,0.0,-1.0907912695148967,1.0907912695148967,-1.0907912695148967,-1.0907912695148967
60m_trend_pullback_anti_exhaustion_rr2_5,1小时趋势回踩·防趋势衰竭 RR2.5,2025-09,2025-11,1,0,1,0.0,0.0,1.0907912695148967,0.0,0.0,-1.0907912695148967,1.0907912695148967,-1.0907912695148967,-1.0907912695148967
60m_trend_pullback_anti_exhaustion_rr2_5,1小时趋势回踩·防趋势衰竭 RR2.5,2025-10,2025-12,1,0,1,0.0,0.0,1.0907912695148967,0.0,0.0,-1.0907912695148967,1.0907912695148967,-1.0907912695148967,-1.0907912695148967
60m_trend_pullback_anti_exhaustion_rr2_5,1小时趋势回踩·防趋势衰竭 RR2.5,2025-11,2026-01,1,1,0,1.0,2.240169625334335,0.0,999.0,999.0,2.240169625334335,0.0,2.240169625334335,2.240169625334335
60m_trend_pullback_anti_exhaustion_rr2_5,1小时趋势回踩·防趋势衰竭 RR2.5,2025-12,2026-02,1,1,0,1.0,2.240169625334335,0.0,999.0,999.0,2.240169625334335,0.0,2.240169625334335,2.240169625334335
60m_trend_pullback_anti_exhaustion_rr2_5,1小时趋势回踩·防趋势衰竭 RR2.5,2026-01,2026-03,1,1,0,1.0,2.240169625334335,0.0,999.0,999.0,2.240169625334335,0.0,2.240169625334335,2.240169625334335
60m_trend_pullback_anti_exhaustion_rr2_5,1小时趋势回踩·防趋势衰竭 RR2.5,2026-02,2026-04,1,1,0,1.0,1.2448320277977196,0.0,999.0,999.0,1.2448320277977196,0.0,1.2448320277977196,1.2448320277977196
60m_trend_pullback_anti_exhaustion_rr2_5,1小时趋势回踩·防趋势衰竭 RR2.5,2026-03,2026-05,1,1,0,1.0,1.2448320277977196,0.0,999.0,999.0,1.2448320277977196,0.0,1.2448320277977196,1.2448320277977196
60m_trend_pullback_anti_exhaustion_rr2_5,1小时趋势回踩·防趋势衰竭 RR2.5,2026-04,2026-06,1,1,0,1.0,1.2448320277977196,0.0,999.0,999.0,1.2448320277977196,0.0,1.2448320277977196,1.2448320277977196
60m_trend_pullback_anti_exhaustion_rr3_0,1小时趋势回踩·防趋势衰竭 RR3.0,2025-01,2025-03,2,0,2,0.0,0.0,1.1175413373809144,0.0,0.0,-2.235082674761829,2.235082674761829,-1.1175413373809144,-1.1175413373809144
60m_trend_pullback_anti_exhaustion_rr3_0,1小时趋势回踩·防趋势衰竭 RR3.0,2025-02,2025-04,1,0,1,0.0,0.0,1.1229131643302268,0.0,0.0,-1.1229131643302268,1.1229131643302268,-1.1229131643302268,-1.1229131643302268
60m_trend_pullback_anti_exhaustion_rr3_0,1小时趋势回踩·防趋势衰竭 RR3.0,2025-03,2025-05,1,0,1,0.0,0.0,1.1229131643302268,0.0,0.0,-1.1229131643302268,1.1229131643302268,-1.1229131643302268,-1.1229131643302268
60m_trend_pullback_anti_exhaustion_rr3_0,1小时趋势回踩·防趋势衰竭 RR3.0,2025-04,2025-06,2,1,1,0.5,2.8797518361769225,1.1978038344325108,2.404193202087449,2.404193202087449,1.6819480017444117,1.1978038344325108,0.8409740008722059,0.8409740008722059
60m_trend_pullback_anti_exhaustion_rr3_0,1小时趋势回踩·防趋势衰竭 RR3.0,2025-05,2025-07,3,1,2,0.3333333333333333,2.8797518361769225,1.1634878701829878,2.475102585920392,1.237551292960196,0.5527760958109471,1.1978038344325108,0.18425869860364905,-1.1291719059334646
60m_trend_pullback_anti_exhaustion_rr3_0,1小时趋势回踩·防趋势衰竭 RR3.0,2025-06,2025-08,3,1,2,0.3333333333333333,2.8797518361769225,1.1634878701829878,2.475102585920392,1.237551292960196,0.5527760958109471,1.1978038344325108,0.18425869860364905,-1.1291719059334646
60m_trend_pullback_anti_exhaustion_rr3_0,1小时趋势回踩·防趋势衰竭 RR3.0,2025-07,2025-09,1,0,1,0.0,0.0,1.1291719059334646,0.0,0.0,-1.1291719059334646,1.1291719059334646,-1.1291719059334646,-1.1291719059334646
60m_trend_pullback_anti_exhaustion_rr3_0,1小时趋势回踩·防趋势衰竭 RR3.0,2025-08,2025-10,1,0,1,0.0,0.0,1.0907912695148967,0.0,0.0,-1.0907912695148967,1.0907912695148967,-1.0907912695148967,-1.0907912695148967
60m_trend_pullback_anti_exhaustion_rr3_0,1小时趋势回踩·防趋势衰竭 RR3.0,2025-09,2025-11,1,0,1,0.0,0.0,1.0907912695148967,0.0,0.0,-1.0907912695148967,1.0907912695148967,-1.0907912695148967,-1.0907912695148967
60m_trend_pullback_anti_exhaustion_rr3_0,1小时趋势回踩·防趋势衰竭 RR3.0,2025-10,2025-12,1,0,1,0.0,0.0,1.0907912695148967,0.0,0.0,-1.0907912695148967,1.0907912695148967,-1.0907912695148967,-1.0907912695148967
60m_trend_pullback_anti_exhaustion_rr3_0,1小时趋势回踩·防趋势衰竭 RR3.0,2025-11,2026-01,1,1,0,1.0,2.7404196253343125,0.0,999.0,999.0,2.7404196253343125,0.0,2.7404196253343125,2.7404196253343125
60m_trend_pullback_anti_exhaustion_rr3_0,1小时趋势回踩·防趋势衰竭 RR3.0,2025-12,2026-02,1,1,0,1.0,2.7404196253343125,0.0,999.0,999.0,2.7404196253343125,0.0,2.7404196253343125,2.7404196253343125
60m_trend_pullback_anti_exhaustion_rr3_0,1小时趋势回踩·防趋势衰竭 RR3.0,2026-01,2026-03,1,1,0,1.0,2.7404196253343125,0.0,999.0,999.0,2.7404196253343125,0.0,2.7404196253343125,2.7404196253343125
60m_trend_pullback_anti_exhaustion_rr3_0,1小时趋势回踩·防趋势衰竭 RR3.0,2026-02,2026-04,1,1,0,1.0,1.2448320277977196,0.0,999.0,999.0,1.2448320277977196,0.0,1.2448320277977196,1.2448320277977196
60m_trend_pullback_anti_exhaustion_rr3_0,1小时趋势回踩·防趋势衰竭 RR3.0,2026-03,2026-05,1,1,0,1.0,1.2448320277977196,0.0,999.0,999.0,1.2448320277977196,0.0,1.2448320277977196,1.2448320277977196
60m_trend_pullback_anti_exhaustion_rr3_0,1小时趋势回踩·防趋势衰竭 RR3.0,2026-04,2026-06,1,1,0,1.0,1.2448320277977196,0.0,999.0,999.0,1.2448320277977196,0.0,1.2448320277977196,1.2448320277977196
60m_trend_pullback_balanced_rr2_5,1小时趋势回踩·均衡趋势区间 RR2.5,2025-01,2025-03,0,0,0,0.0,0.0,0.0,0.0,0.0,0.0,0.0,0.0,0.0
60m_trend_pullback_balanced_rr2_5,1小时趋势回踩·均衡趋势区间 RR2.5,2025-02,2025-04,0,0,0,0.0,0.0,0.0,0.0,0.0,0.0,0.0,0.0,0.0
60m_trend_pullback_balanced_rr2_5,1小时趋势回踩·均衡趋势区间 RR2.5,2025-03,2025-05,0,0,0,0.0,0.0,0.0,0.0,0.0,0.0,0.0,0.0,0.0
60m_trend_pullback_balanced_rr2_5,1小时趋势回踩·均衡趋势区间 RR2.5,2025-04,2025-06,0,0,0,0.0,0.0,0.0,0.0,0.0,0.0,0.0,0.0,0.0
60m_trend_pullback_balanced_rr2_5,1小时趋势回踩·均衡趋势区间 RR2.5,2025-05,2025-07,0,0,0,0.0,0.0,0.0,0.0,0.0,0.0,0.0,0.0,0.0
60m_trend_pullback_balanced_rr2_5,1小时趋势回踩·均衡趋势区间 RR2.5,2025-06,2025-08,0,0,0,0.0,0.0,0.0,0.0,0.0,0.0,0.0,0.0,0.0
60m_trend_pullback_balanced_rr2_5,1小时趋势回踩·均衡趋势区间 RR2.5,2025-07,2025-09,0,0,0,0.0,0.0,0.0,0.0,0.0,0.0,0.0,0.0,0.0
60m_trend_pullback_balanced_rr2_5,1小时趋势回踩·均衡趋势区间 RR2.5,2025-08,2025-10,0,0,0,0.0,0.0,0.0,0.0,0.0,0.0,0.0,0.0,0.0
60m_trend_pullback_balanced_rr2_5,1小时趋势回踩·均衡趋势区间 RR2.5,2025-09,2025-11,0,0,0,0.0,0.0,0.0,0.0,0.0,0.0,0.0,0.0,0.0
60m_trend_pullback_balanced_rr2_5,1小时趋势回踩·均衡趋势区间 RR2.5,2025-10,2025-12,0,0,0,0.0,0.0,0.0,0.0,0.0,0.0,0.0,0.0,0.0
60m_trend_pullback_balanced_rr2_5,1小时趋势回踩·均衡趋势区间 RR2.5,2025-11,2026-01,0,0,0,0.0,0.0,0.0,0.0,0.0,0.0,0.0,0.0,0.0
60m_trend_pullback_balanced_rr2_5,1小时趋势回踩·均衡趋势区间 RR2.5,2025-12,2026-02,0,0,0,0.0,0.0,0.0,0.0,0.0,0.0,0.0,0.0,0.0
60m_trend_pullback_balanced_rr2_5,1小时趋势回踩·均衡趋势区间 RR2.5,2026-01,2026-03,0,0,0,0.0,0.0,0.0,0.0,0.0,0.0,0.0,0.0,0.0
60m_trend_pullback_balanced_rr2_5,1小时趋势回踩·均衡趋势区间 RR2.5,2026-02,2026-04,1,1,0,1.0,1.296700028955958,0.0,999.0,999.0,1.296700028955958,0.0,1.296700028955958,1.296700028955958
60m_trend_pullback_balanced_rr2_5,1小时趋势回踩·均衡趋势区间 RR2.5,2026-03,2026-05,1,1,0,1.0,1.296700028955958,0.0,999.0,999.0,1.296700028955958,0.0,1.296700028955958,1.296700028955958
60m_trend_pullback_balanced_rr2_5,1小时趋势回踩·均衡趋势区间 RR2.5,2026-04,2026-06,1,1,0,1.0,1.296700028955958,0.0,999.0,999.0,1.296700028955958,0.0,1.296700028955958,1.296700028955958
60m_trend_pullback_balanced_rr3_0,1小时趋势回踩·均衡趋势区间 RR3.0,2025-01,2025-03,0,0,0,0.0,0.0,0.0,0.0,0.0,0.0,0.0,0.0,0.0
60m_trend_pullback_balanced_rr3_0,1小时趋势回踩·均衡趋势区间 RR3.0,2025-02,2025-04,0,0,0,0.0,0.0,0.0,0.0,0.0,0.0,0.0,0.0,0.0
60m_trend_pullback_balanced_rr3_0,1小时趋势回踩·均衡趋势区间 RR3.0,2025-03,2025-05,0,0,0,0.0,0.0,0.0,0.0,0.0,0.0,0.0,0.0,0.0
60m_trend_pullback_balanced_rr3_0,1小时趋势回踩·均衡趋势区间 RR3.0,2025-04,2025-06,0,0,0,0.0,0.0,0.0,0.0,0.0,0.0,0.0,0.0,0.0
60m_trend_pullback_balanced_rr3_0,1小时趋势回踩·均衡趋势区间 RR3.0,2025-05,2025-07,0,0,0,0.0,0.0,0.0,0.0,0.0,0.0,0.0,0.0,0.0
60m_trend_pullback_balanced_rr3_0,1小时趋势回踩·均衡趋势区间 RR3.0,2025-06,2025-08,0,0,0,0.0,0.0,0.0,0.0,0.0,0.0,0.0,0.0,0.0
60m_trend_pullback_balanced_rr3_0,1小时趋势回踩·均衡趋势区间 RR3.0,2025-07,2025-09,0,0,0,0.0,0.0,0.0,0.0,0.0,0.0,0.0,0.0,0.0
60m_trend_pullback_balanced_rr3_0,1小时趋势回踩·均衡趋势区间 RR3.0,2025-08,2025-10,0,0,0,0.0,0.0,0.0,0.0,0.0,0.0,0.0,0.0,0.0
60m_trend_pullback_balanced_rr3_0,1小时趋势回踩·均衡趋势区间 RR3.0,2025-09,2025-11,0,0,0,0.0,0.0,0.0,0.0,0.0,0.0,0.0,0.0,0.0
60m_trend_pullback_balanced_rr3_0,1小时趋势回踩·均衡趋势区间 RR3.0,2025-10,2025-12,0,0,0,0.0,0.0,0.0,0.0,0.0,0.0,0.0,0.0,0.0
60m_trend_pullback_balanced_rr3_0,1小时趋势回踩·均衡趋势区间 RR3.0,2025-11,2026-01,0,0,0,0.0,0.0,0.0,0.0,0.0,0.0,0.0,0.0,0.0
60m_trend_pullback_balanced_rr3_0,1小时趋势回踩·均衡趋势区间 RR3.0,2025-12,2026-02,0,0,0,0.0,0.0,0.0,0.0,0.0,0.0,0.0,0.0,0.0
60m_trend_pullback_balanced_rr3_0,1小时趋势回踩·均衡趋势区间 RR3.0,2026-01,2026-03,0,0,0,0.0,0.0,0.0,0.0,0.0,0.0,0.0,0.0,0.0
60m_trend_pullback_balanced_rr3_0,1小时趋势回踩·均衡趋势区间 RR3.0,2026-02,2026-04,1,1,0,1.0,1.296700028955958,0.0,999.0,999.0,1.296700028955958,0.0,1.296700028955958,1.296700028955958
60m_trend_pullback_balanced_rr3_0,1小时趋势回踩·均衡趋势区间 RR3.0,2026-03,2026-05,1,1,0,1.0,1.296700028955958,0.0,999.0,999.0,1.296700028955958,0.0,1.296700028955958,1.296700028955958
60m_trend_pullback_balanced_rr3_0,1小时趋势回踩·均衡趋势区间 RR3.0,2026-04,2026-06,1,1,0,1.0,1.296700028955958,0.0,999.0,999.0,1.296700028955958,0.0,1.296700028955958,1.296700028955958
60m_trend_pullback_persistence_rr2_5,1小时趋势回踩·趋势持续性 RR2.5,2025-01,2025-03,1,0,1,0.0,0.0,1.1229131643302268,0.0,0.0,-1.1229131643302268,1.1229131643302268,-1.1229131643302268,-1.1229131643302268
60m_trend_pullback_persistence_rr2_5,1小时趋势回踩·趋势持续性 RR2.5,2025-02,2025-04,1,0,1,0.0,0.0,1.1229131643302268,0.0,0.0,-1.1229131643302268,1.1229131643302268,-1.1229131643302268,-1.1229131643302268
60m_trend_pullback_persistence_rr2_5,1小时趋势回踩·趋势持续性 RR2.5,2025-03,2025-05,2,1,1,0.5,2.373927805296106,1.1229131643302268,2.114079592888253,2.114079592888253,1.251014640965879,1.1229131643302268,0.6255073204829396,0.6255073204829396
60m_trend_pullback_persistence_rr2_5,1小时趋势回踩·趋势持续性 RR2.5,2025-04,2025-06,2,2,0,1.0,2.3767148207365127,0.0,999.0,999.0,4.7534296414730255,0.0,2.3767148207365127,2.3767148207365127
60m_trend_pullback_persistence_rr2_5,1小时趋势回踩·趋势持续性 RR2.5,2025-05,2025-07,2,2,0,1.0,2.3767148207365127,0.0,999.0,999.0,4.7534296414730255,0.0,2.3767148207365127,2.3767148207365127
60m_trend_pullback_persistence_rr2_5,1小时趋势回踩·趋势持续性 RR2.5,2025-06,2025-08,2,2,0,1.0,2.3869796120018263,0.0,999.0,999.0,4.773959224003653,0.0,2.3869796120018263,2.3869796120018263
60m_trend_pullback_persistence_rr2_5,1小时趋势回踩·趋势持续性 RR2.5,2025-07,2025-09,1,1,0,1.0,2.3944573878267326,0.0,999.0,999.0,2.3944573878267326,0.0,2.3944573878267326,2.3944573878267326
60m_trend_pullback_persistence_rr2_5,1小时趋势回踩·趋势持续性 RR2.5,2025-08,2025-10,2,1,1,0.5,2.3944573878267326,1.0907912695148967,2.1951563555249303,2.1951563555249303,1.3036661183118359,1.0907912695148967,0.6518330591559179,0.6518330591559179
60m_trend_pullback_persistence_rr2_5,1小时趋势回踩·趋势持续性 RR2.5,2025-09,2025-11,1,0,1,0.0,0.0,1.0907912695148967,0.0,0.0,-1.0907912695148967,1.0907912695148967,-1.0907912695148967,-1.0907912695148967
60m_trend_pullback_persistence_rr2_5,1小时趋势回踩·趋势持续性 RR2.5,2025-10,2025-12,1,0,1,0.0,0.0,1.0907912695148967,0.0,0.0,-1.0907912695148967,1.0907912695148967,-1.0907912695148967,-1.0907912695148967
60m_trend_pullback_persistence_rr2_5,1小时趋势回踩·趋势持续性 RR2.5,2025-11,2026-01,1,1,0,1.0,2.240169625334335,0.0,999.0,999.0,2.240169625334335,0.0,2.240169625334335,2.240169625334335
60m_trend_pullback_persistence_rr2_5,1小时趋势回踩·趋势持续性 RR2.5,2025-12,2026-02,1,1,0,1.0,2.240169625334335,0.0,999.0,999.0,2.240169625334335,0.0,2.240169625334335,2.240169625334335
60m_trend_pullback_persistence_rr2_5,1小时趋势回踩·趋势持续性 RR2.5,2026-01,2026-03,2,1,1,0.5,2.240169625334335,1.1080412615724222,2.0217384523707254,2.0217384523707254,1.1321283637619126,1.1080412615724222,0.5660641818809563,0.5660641818809563
60m_trend_pullback_persistence_rr2_5,1小时趋势回踩·趋势持续性 RR2.5,2026-02,2026-04,3,1,2,0.3333333333333333,2.3979143701078605,1.1023993981845805,2.1751775028693956,1.0875887514346978,0.19311557373869936,2.204798796369161,0.06437185791289979,-1.0967575347967387
60m_trend_pullback_persistence_rr2_5,1小时趋势回踩·趋势持续性 RR2.5,2026-03,2026-05,3,1,2,0.3333333333333333,2.3979143701078605,1.1023993981845805,2.1751775028693956,1.0875887514346978,0.19311557373869936,2.204798796369161,0.06437185791289979,-1.0967575347967387
60m_trend_pullback_persistence_rr2_5,1小时趋势回踩·趋势持续性 RR2.5,2026-04,2026-06,2,1,1,0.5,2.3979143701078605,1.0967575347967387,2.1863668988171248,2.1863668988171248,1.3011568353111218,1.0967575347967387,0.6505784176555609,0.6505784176555609
60m_trend_pullback_persistence_rr3_0,1小时趋势回踩·趋势持续性 RR3.0,2025-01,2025-03,1,0,1,0.0,0.0,1.1229131643302268,0.0,0.0,-1.1229131643302268,1.1229131643302268,-1.1229131643302268,-1.1229131643302268
60m_trend_pullback_persistence_rr3_0,1小时趋势回踩·趋势持续性 RR3.0,2025-02,2025-04,1,0,1,0.0,0.0,1.1229131643302268,0.0,0.0,-1.1229131643302268,1.1229131643302268,-1.1229131643302268,-1.1229131643302268
60m_trend_pullback_persistence_rr3_0,1小时趋势回踩·趋势持续性 RR3.0,2025-03,2025-05,2,1,1,0.5,1.3612678247869119,1.1229131643302268,1.212264552619128,1.212264552619128,0.23835466045668507,1.1229131643302268,0.11917733022834254,0.11917733022834254
60m_trend_pullback_persistence_rr3_0,1小时趋势回踩·趋势持续性 RR3.0,2025-04,2025-06,2,2,0,1.0,2.120509830481917,0.0,999.0,999.0,4.241019660963834,0.0,2.120509830481917,2.120509830481917
60m_trend_pullback_persistence_rr3_0,1小时趋势回踩·趋势持续性 RR3.0,2025-05,2025-07,2,2,0,1.0,2.120509830481917,0.0,999.0,999.0,4.241019660963834,0.0,2.120509830481917,2.120509830481917
60m_trend_pullback_persistence_rr3_0,1小时趋势回踩·趋势持续性 RR3.0,2025-06,2025-08,2,2,0,1.0,1.8558939244373414,0.0,999.0,999.0,3.7117878488746827,0.0,1.8558939244373414,1.8558939244373414
60m_trend_pullback_persistence_rr3_0,1小时趋势回踩·趋势持续性 RR3.0,2025-07,2025-09,1,1,0,1.0,0.8320360126977602,0.0,999.0,999.0,0.8320360126977602,0.0,0.8320360126977602,0.8320360126977602
60m_trend_pullback_persistence_rr3_0,1小时趋势回踩·趋势持续性 RR3.0,2025-08,2025-10,2,1,1,0.5,0.8320360126977602,1.0907912695148967,0.7627820610150173,0.7627820610150173,-0.2587552568171365,1.0907912695148967,-0.12937762840856826,-0.12937762840856826
60m_trend_pullback_persistence_rr3_0,1小时趋势回踩·趋势持续性 RR3.0,2025-09,2025-11,1,0,1,0.0,0.0,1.0907912695148967,0.0,0.0,-1.0907912695148967,1.0907912695148967,-1.0907912695148967,-1.0907912695148967
60m_trend_pullback_persistence_rr3_0,1小时趋势回踩·趋势持续性 RR3.0,2025-10,2025-12,1,0,1,0.0,0.0,1.0907912695148967,0.0,0.0,-1.0907912695148967,1.0907912695148967,-1.0907912695148967,-1.0907912695148967
60m_trend_pullback_persistence_rr3_0,1小时趋势回踩·趋势持续性 RR3.0,2025-11,2026-01,1,1,0,1.0,2.7404196253343125,0.0,999.0,999.0,2.7404196253343125,0.0,2.7404196253343125,2.7404196253343125
60m_trend_pullback_persistence_rr3_0,1小时趋势回踩·趋势持续性 RR3.0,2025-12,2026-02,1,1,0,1.0,2.7404196253343125,0.0,999.0,999.0,2.7404196253343125,0.0,2.7404196253343125,2.7404196253343125
60m_trend_pullback_persistence_rr3_0,1小时趋势回踩·趋势持续性 RR3.0,2026-01,2026-03,2,1,1,0.5,2.7404196253343125,1.1080412615724222,2.4732108093568472,2.4732108093568472,1.6323783637618903,1.1080412615724222,0.8161891818809451,0.8161891818809451
60m_trend_pullback_persistence_rr3_0,1小时趋势回踩·趋势持续性 RR3.0,2026-02,2026-04,3,1,2,0.3333333333333333,1.4449146864844422,1.1023993981845805,1.310699814299529,0.6553499071497645,-0.7598841098847189,2.204798796369161,-0.2532947032949063,-1.0967575347967387
60m_trend_pullback_persistence_rr3_0,1小时趋势回踩·趋势持续性 RR3.0,2026-03,2026-05,3,1,2,0.3333333333333333,1.4449146864844422,1.1023993981845805,1.310699814299529,0.6553499071497645,-0.7598841098847189,2.204798796369161,-0.2532947032949063,-1.0967575347967387
60m_trend_pullback_persistence_rr3_0,1小时趋势回踩·趋势持续性 RR3.0,2026-04,2026-06,2,1,1,0.5,1.4449146864844422,1.0967575347967387,1.3174422245954547,1.3174422245954547,0.34815715168770356,1.0967575347967387,0.17407857584385178,0.17407857584385178
